AN38614C0066402,10.111.224.53
AN38614C006B400,10.111.224.57
AN38614C0D0E40F,10.111.224.56
AN38614C0089405,10.18.98.11
ANDEA7A0B9A0001,10.18.99.14
ANDEA7A0B9A0002,10.18.99.14
ANDEA7A0B9A0003,10.18.99.14
ANEA671450D8000,10.10.62.100
ANEA671450D8001,10.10.62.100
AN38614C0048400,10.111.224.50
AN38614C0048401,10.111.224.50
AN38614C0048402,10.111.224.50
AN38614C0D0E40B,10.111.224.56
AN38614C0D0E416,10.111.224.56
AN38614C0048404,10.111.224.50
AN38614C0048403,10.111.224.50
AN38614C0048406,10.111.224.50
AN38614C0048407,10.111.224.50
AN38614C0048408,10.111.224.50
AN38614C0048409,10.111.224.50
AN38614C004840A,10.111.224.50
AN38614C004840B,10.111.224.50
AN38614C004840C,10.111.224.50
AN38614C004840D,10.111.224.50
AN38614C004840E,10.111.224.50
AN38614C004840F,10.111.224.50
AN38614C0048410,10.111.224.50
AN38614C0048411,10.111.224.50
AN38614C0048412,10.111.224.50
AN38614C0048413,10.111.224.50
AN38614C0048414,10.111.224.50
AN38614C0048415,10.111.224.50
AN38614C0048416,10.111.224.50
AN38614C0048417,10.111.224.50
AN2056B080D2400,10.111.224.51
AN2056B080D2401,10.111.224.51
AN2056B080D2402,10.111.224.51
AN2056B080D2403,10.111.224.51
AN2056B080D2404,10.111.224.51
AN2056B080D2405,10.111.224.51
AN2056B080D2406,10.111.224.51
AN2056B080D2407,10.111.224.51
AN38614C007A412,10.111.224.52
AN2056B080D2409,10.111.224.51
AN2056B080D240A,10.111.224.51
AN2056B080D240B,10.111.224.51
AN2056B080D240C,10.111.224.51
AN2056B080D240D,10.111.224.51
AN2056B080D240E,10.111.224.51
AN2056B080D240F,10.111.224.51
AN2056B080D2410,10.111.224.51
AN2056B080D2411,10.111.224.51
AN2056B080D2412,10.111.224.51
AN2056B080D2413,10.111.224.51
AN2056B080D2414,10.111.224.51
AN2056B080D2415,10.111.224.51
AN2056B080D2416,10.111.224.51
AN38614C007A400,10.111.224.52
AN38614C007A401,10.111.224.52
AN38614C007A402,10.111.224.52
AN38614C007A403,10.111.224.52
AN38614C007A404,10.111.224.52
AN38614C007A405,10.111.224.52
AN38614C007A406,10.111.224.52
AN38614C007A407,10.111.224.52
AN38614C007A408,10.111.224.52
AN38614C007A409,10.111.224.52
AN38614C007A40A,10.111.224.52
AN38614C007A40B,10.111.224.52
AN38614C007A40C,10.111.224.52
AN38614C007A40D,10.111.224.52
AN38614C007A40E,10.111.224.52
AN38614C007A40F,10.111.224.52
AN38614C007A410,10.111.224.52
AN38614C007A411,10.111.224.52
AN2056B080D2408,10.111.224.51
AN38614C007A413,10.111.224.52
AN38614C007A414,10.111.224.52
AN38614C007A415,10.111.224.52
AN38614C007A417,10.111.224.52
AN38614C0066400,10.111.224.53
AN38614C0066403,10.111.224.53
AN38614C0066404,10.111.224.53
AN38614C007A416,10.111.224.52
AN38614C0066401,10.111.224.53
AN38614C0066405,10.111.224.53
AN38614C0066406,10.111.224.53
AN38614C0066407,10.111.224.53
AN38614C0066408,10.111.224.53
AN38614C0066409,10.111.224.53
AN38614C006640A,10.111.224.53
AN38614C006640B,10.111.224.53
AN38614C006640C,10.111.224.53
AN38614C006640D,10.111.224.53
AN38614C0048405,10.111.224.50
AN38614C006640E,10.111.224.53
AN38614C006640F,10.111.224.53
AN38614C0066410,10.111.224.53
AN38614C0066411,10.111.224.53
AN38614C0066412,10.111.224.53
AN38614C0066413,10.111.224.53
AN38614C0066414,10.111.224.53
AN38614C0066415,10.111.224.53
AN38614C0066416,10.111.224.53
AN38614C0066417,10.111.224.53
AN38614C0075400,10.111.224.54
AN38614C0075401,10.111.224.54
AN38614C0D0E413,10.111.224.56
AN38614C0075402,10.111.224.54
AN38614C0075404,10.111.224.54
AN38614C0075405,10.111.224.54
AN38614C0075406,10.111.224.54
AN38614C0D0E40E,10.111.224.56
AN38614C0075407,10.111.224.54
AN38614C0D0E410,10.111.224.56
AN2056B080D2417,10.111.224.51
AN38614C0075408,10.111.224.54
AN38614C0075409,10.111.224.54
AN38614C005C413,10.111.224.55
AN38614C007540A,10.111.224.54
AN38614C007540B,10.111.224.54
AN38614C0D0E414,10.111.224.56
AN38614C0D0E412,10.111.224.56
AN38614C007540C,10.111.224.54
AN38614C0D0E411,10.111.224.56
AN38614C007540D,10.111.224.54
AN38614C007540E,10.111.224.54
AN38614C007540F,10.111.224.54
AN38614C0075410,10.111.224.54
AN38614C0075411,10.111.224.54
AN38614C0075412,10.111.224.54
AN38614C0075413,10.111.224.54
AN38614C0075414,10.111.224.54
AN38614C0075415,10.111.224.54
AN38614C0075416,10.111.224.54
AN38614C0075417,10.111.224.54
AN38614C005C400,10.111.224.55
AN38614C005C401,10.111.224.55
AN38614C005C402,10.111.224.55
AN38614C005C403,10.111.224.55
AN38614C005C404,10.111.224.55
AN38614C005C405,10.111.224.55
AN38614C005C406,10.111.224.55
AN38614C005C407,10.111.224.55
AN38614C005C408,10.111.224.55
AN38614C005C409,10.111.224.55
AN38614C005C40A,10.111.224.55
AN38614C005C40B,10.111.224.55
AN38614C005C40C,10.111.224.55
AN38614C005C40D,10.111.224.55
AN38614C005C40E,10.111.224.55
AN38614C005C40F,10.111.224.55
AN38614C005C410,10.111.224.55
AN38614C0D0E40C,10.111.224.56
AN38614C005C411,10.111.224.55
AN38614C005C412,10.111.224.55
ANDEA7A0B9A0000,10.18.99.14
AN38614C008940E,10.18.98.11
AN38614C0089412,10.18.98.11
AN38614CD58B40B,10.18.98.12
AN38614CD58B400,10.18.98.12
AN38614CD58B405,10.18.98.12
AN38614C008940F,10.18.98.11
ANDEA7A0BBF0003,10.13.116.10
AN38614C0089411,10.18.98.11
AN38614CD58B406,10.18.98.12
AN38614CD58B401,10.18.98.12
AN38614C0089410,10.18.98.11
AN38614C0089407,10.18.98.11
AN38614CD58B402,10.18.98.12
AN38614CD58B403,10.18.98.12
AN38614C0089408,10.18.98.11
AN38614C0089413,10.18.98.11
AN38614C008940A,10.18.98.11
AN38614C008940B,10.18.98.11
AN38614C008940C,10.18.98.11
ANDEA7A0BBF0000,10.13.116.10
AN38614CD58B404,10.18.98.12
ANDEA7A0BBF0001,10.13.116.10
ANDEA7A0BBF0002,10.13.116.10
AN38614CD58B407,10.18.98.12
AN38614C0D0E40A,10.111.224.56
AN38614C005C414,10.111.224.55
AN38614C005C415,10.111.224.55
AN38614C005C416,10.111.224.55
AN38614C005C417,10.111.224.55
AN38614C0D0E400,10.111.224.56
AN38614C0D0E401,10.111.224.56
AN38614C0D0E402,10.111.224.56
AN38614C0D0E403,10.111.224.56
AN38614C0D0E404,10.111.224.56
AN38614C0D0E405,10.111.224.56
AN38614C0D0E406,10.111.224.56
AN38614C0D0E407,10.111.224.56
AN38614C0D0E408,10.111.224.56
AN38614C0D0E409,10.111.224.56
AN38614C0D0E40D,10.111.224.56
AN38614C0075403,10.111.224.54
AN38614C0D0E415,10.111.224.56
ANF2C58D9F4F400,10.13.16.20
ANF2C58D9F4F401,10.13.16.20
ANF2C58D9F4F402,10.13.16.20
ANF2C58D9F4F403,10.13.16.20
ANF2C58D9F4A400,10.13.16.22
ANF2C58D9F4A402,10.13.16.22
ANF2C58D9F4A401,10.13.16.22
ANF2C58D9F4F404,10.13.16.20
ANF2C58D9F4A405,10.13.16.22
ANF2C58D9F4F405,10.13.16.20
ANF2C58D9F4F406,10.13.16.20
ANF2C58D9F4F407,10.13.16.20
ANF2C58D9F81409,10.13.16.21
ANF2C58D9F4F409,10.13.16.20
ANAD742B5A9F401,10.13.16.23
ANF2C58D9F4F40A,10.13.16.20
ANF2C58D9F4F40B,10.13.16.20
ANF2C58D9F4F40C,10.13.16.20
ANF2C58D9F4F40D,10.13.16.20
ANF2C58D9F4F40E,10.13.16.20
ANF2C58D9F4F40F,10.13.16.20
ANF2C58D9F4F410,10.13.16.20
ANF2C58D9F4F411,10.13.16.20
ANF2C58D9F4F412,10.13.16.20
ANF2C58D9F4F413,10.13.16.20
ANF2C58D9F4F414,10.13.16.20
ANF2C58D9F81400,10.13.16.21
ANF2C58D9F81406,10.13.16.21
ANF2C58D9F81401,10.13.16.21
ANF2C58D9F81402,10.13.16.21
ANF2C58D9F81403,10.13.16.21
ANF2C58D9F81404,10.13.16.21
ANF2C58D9F81405,10.13.16.21
ANAD742B5A9F400,10.13.16.23
ANF2C58D9F4F416,10.13.16.20
ANF2C58D9F4F417,10.13.16.20
ANF2C58D9F8140E,10.13.16.21
ANF2C58D9F8140F,10.13.16.21
ANF2C58D9F81410,10.13.16.21
ANF2C58D9F81411,10.13.16.21
ANF2C58D9F81412,10.13.16.21
ANF2C58D9F81413,10.13.16.21
ANF2C58D9F81414,10.13.16.21
ANF2C58D9F81415,10.13.16.21
ANF2C58D9F81416,10.13.16.21
ANF2C58D9F81417,10.13.16.21
ANF2C58D9F4A40F,10.13.16.22
ANF2C58D9F4A410,10.13.16.22
ANF2C58D9F4A411,10.13.16.22
ANF2C58D9F4A412,10.13.16.22
ANF2C58D9F4A413,10.13.16.22
ANF2C58D9F4A414,10.13.16.22
ANF2C58D9F4A415,10.13.16.22
ANF2C58D9F4A416,10.13.16.22
ANF2C58D9F4A417,10.13.16.22
ANF2C58D9F81407,10.13.16.21
ANF2C58D9F81408,10.13.16.21
ANF2C58D9F8140B,10.13.16.21
ANF2C58D9F8140A,10.13.16.21
ANF2C58D9F8140C,10.13.16.21
ANF2C58D9F8140D,10.13.16.21
ANF2C58D9F4A40E,10.13.16.22
ANF2C58D9F4A40D,10.13.16.22
ANF2C58D9F4A40C,10.13.16.22
ANF2C58D9F4A40B,10.13.16.22
ANF2C58D9F4A40A,10.13.16.22
ANF2C58D9F4A409,10.13.16.22
ANF2C58D9F4A407,10.13.16.22
ANF2C58D9F4A408,10.13.16.22
ANF2C58D9F4A404,10.13.16.22
ANF2C58D9F4A403,10.13.16.22
ANF2C58D9F4A406,10.13.16.22
ANF755AF94D9403,10.17.22.10
ANF755AF94D9404,10.17.22.10
ANF755AF94D3404,10.17.22.11
ANF755AF94D3408,10.17.22.11
ANF755AF94D9411,10.17.22.10
ANF755AF94D9405,10.17.22.10
ANF755AF94D9406,10.17.22.10
ANF755AF94D9410,10.17.22.10
ANF755AF94D940D,10.17.22.10
ANF755AF94D3406,10.17.22.11
ANF755AF94D940E,10.17.22.10
ANF755AF94D940F,10.17.22.10
ANF755AF94D9400,10.17.22.10
ANF755AF94D9401,10.17.22.10
ANF755AF94D9407,10.17.22.10
ANF755AF94D9408,10.17.22.10
ANF755AF94D3405,10.17.22.11
ANF755AF94D9409,10.17.22.10
ANF755AF94D940B,10.17.22.10
ANF755AF94D940A,10.17.22.10
ANF755AF94D3402,10.17.22.11
ANF755AF94D3407,10.17.22.11
ANF755AF94D3400,10.17.22.11
ANF755AF94D3403,10.17.22.11
ANF755AF94D9412,10.17.22.10
ANF755AF94D940C,10.17.22.10
ANF755AF94D9413,10.17.22.10
ANF755AF94D9414,10.17.22.10
ANF755AF94D3409,10.17.22.11
ANF755AF94D340A,10.17.22.11
ANF755AF94D9415,10.17.22.10
ANF755AF94D9416,10.17.22.10
ANF755AF94D9402,10.17.22.10
ANF755AF94D9417,10.17.22.10
ANF755AF94D3401,10.17.22.11
CRS__1009970001,10.9.32.28
CRS__1009970002,10.9.32.28
CRS__1009970003,10.9.32.28
CRS__1009970004,10.9.32.28
CRS__1009970005,10.9.32.28
CRS__1009970006,10.9.32.28
CRS__1009970007,10.9.32.28
CRS__1009970008,10.9.32.28
CRS__1009970009,10.9.32.28
CRS__1009970010,10.9.32.28
CRS__1009970011,10.9.32.28
CRS__1009970012,10.9.32.28
CRS__1009970013,10.9.32.28
CRS__1009970014,10.9.32.28
CRS__1009970015,10.9.32.28
CRS__1009970016,10.9.32.28
CRS__1009970017,10.9.32.28
CRS__1009970018,10.9.32.28
CRS__1009970019,10.9.32.28
CRS__1009970020,10.9.32.28
CRS__1009970021,10.9.32.28
CRS__1009970022,10.9.32.28
CRS__1009970023,10.9.32.28
CRS__1009970024,10.9.32.28
CRS__1009970025,10.9.32.28
CRS__1009970026,10.9.32.28
CRS__1009970027,10.9.32.28
CRS__1009970028,10.9.32.28
CRS__1009970029,10.9.32.28
CRS__1009970030,10.9.32.28
CRS__1009970031,10.9.32.28
CRS__1009970032,10.9.32.28
CRS__1009970033,10.9.32.28
CRS__1009970034,10.9.32.28
CRS__1009970035,10.9.32.28
CRS__1009970036,10.9.32.28
CRS__1009970037,10.9.32.28
CRS__1009970038,10.9.32.28
CRS__1009970039,10.9.32.28
CRS__1009970040,10.9.32.28
CRS__1009970041,10.9.32.28
CRS__1009970042,10.9.32.28
CRS__1009970043,10.9.32.28
CRS__1009970044,10.9.32.28
CRS__1009970045,10.9.32.28
CRS__1009970046,10.9.32.28
CRS__1009970047,10.9.32.28
CRS__1009970048,10.9.32.28
CRS__1009970049,10.9.32.28
CRS__1009970050,10.9.32.28
CRS__1009970051,10.9.32.28
CRS__1009970052,10.9.32.28
CRS__1009970053,10.9.32.28
CRS__1009970054,10.9.32.28
CRS__1009970055,10.9.32.28
CRS__1009970056,10.9.32.28
CRS__1009970057,10.9.32.28
CRS__1009970058,10.9.32.28
CRS__1009970059,10.9.32.28
CRS__1009970060,10.9.32.28
CRS__1009970061,10.9.32.28
CRS__1009970062,10.9.32.28
CRS__1009970063,10.9.32.28
CRS__1009970064,10.9.32.28
CRS__1009970065,10.9.32.28
CRS__1009970066,10.9.32.28
CRS__1009970067,10.9.32.28
CRS__1009970068,10.9.32.28
CRS__1009970069,10.9.32.28
CRS__1009970070,10.9.32.28
CRS__1009970071,10.9.32.28
CRS__1009970072,10.9.32.28
CRS__1009970073,10.9.32.28
CRS__1009970074,10.9.32.28
CRS__1009970075,10.9.32.28
CRS__1009970076,10.9.32.28
CRS__1009970077,10.9.32.28
CRS__1009970078,10.9.32.28
CRS__1009970079,10.9.32.28
CRS__1009970080,10.9.32.28
CRS__1009970081,10.9.32.28
CRS__1009970082,10.9.32.28
CRS__1009970083,10.9.32.28
CRS__1009970084,10.9.32.28
CRS__1009970085,10.9.32.28
CRS__1009970086,10.9.32.28
CRS__1009970087,10.9.32.28
CRS__1009970088,10.9.32.28
CRS__1009970089,10.9.32.28
CRS__1009970090,10.9.32.28
CRS__1009970091,10.9.32.28
CRS__1009970092,10.9.32.28
CRS__1009970093,10.9.32.28
CRS__1009970094,10.9.32.28
CRS__1009970095,10.9.32.28
CRS__1009970096,10.9.32.28
CRS__1009970097,10.9.32.28
CRS__1009970098,10.9.32.28
CRS__1009970099,10.9.32.28
CRS__1009970100,10.9.32.28
CRS__1009970101,10.9.32.28
CRS__1009970102,10.9.32.28
CRS__1009970103,10.9.32.28
CRS__1009970104,10.9.32.28
CRS__1009970105,10.9.32.28
CRS__1009970106,10.9.32.28
CRS__1009970107,10.9.32.28
CRS__1009970108,10.9.32.28
CRS__1009970109,10.9.32.28
CRS__1009970110,10.9.32.28
CRS__1009970111,10.9.32.28
CRS__1009970112,10.9.32.28
CRS__1009970113,10.9.32.28
CRS__1009970114,10.9.32.28
CRS__1009970115,10.9.32.28
CRS__1009970116,10.9.32.28
CRS__1009970117,10.9.32.28
CRS__1009970118,10.9.32.28
CRS__1009970119,10.9.32.28
CRS__1009970120,10.9.32.28
CRS__1009970121,10.9.32.28
CRS__1009970122,10.9.32.28
CRS__1009970123,10.9.32.28
CRS__1009970124,10.9.32.28
CRS__1009970125,10.9.32.28
CRS__1009970126,10.9.32.28
CRS__1009970127,10.9.32.28
CRS__1009970128,10.9.32.28
CRS__1009970129,10.9.32.28
CRS__1009970130,10.9.32.28
CRS__1009970131,10.9.32.28
CRS__1009970132,10.9.32.28
CRS__1009970133,10.9.32.28
CRS__1009970134,10.9.32.28
CRS__1009970135,10.9.32.28
CRS__1009970136,10.9.32.28
CRS__1009970137,10.9.32.28
CRS__1009970138,10.9.32.28
CRS__1009970139,10.9.32.28
CRS__1009970140,10.9.32.28
CRS__1009970141,10.9.32.28
CRS__1009970142,10.9.32.28
CRS__1009970143,10.9.32.28
CRS__1009970144,10.9.32.28
CRS__1009970145,10.9.32.28
CRS__1009970146,10.9.32.28
CRS__1009970147,10.9.32.28
CRS__1009970148,10.9.32.28
CRS__1009970149,10.9.32.28
CRS__1009970150,10.9.32.28
CRS__1009970151,10.9.32.29
CRS__1009970152,10.9.32.29
CRS__1009970153,10.9.32.29
CRS__1009970154,10.9.32.29
CRS__1009970155,10.9.32.29
CRS__1009970156,10.9.32.29
CRS__1009970157,10.9.32.29
CRS__1009970158,10.9.32.29
CRS__1009970159,10.9.32.29
CRS__1009970160,10.9.32.29
CRS__1009970161,10.9.32.29
CRS__1009970162,10.9.32.29
CRS__1009970163,10.9.32.29
CRS__1009970164,10.9.32.29
CRS__1009970165,10.9.32.29
CRS__1009970166,10.9.32.29
CRS__1009970167,10.9.32.29
CRS__1009970168,10.9.32.29
CRS__1009970169,10.9.32.29
CRS__1009970170,10.9.32.29
CRS__1009970171,10.9.32.29
CRS__1009970172,10.9.32.29
CRS__1009970173,10.9.32.29
CRS__1009970174,10.9.32.29
CRS__1009970175,10.9.32.29
CRS__1009970176,10.9.32.29
CRS__1009970177,10.9.32.29
CRS__1009970178,10.9.32.29
CRS__1009970179,10.9.32.29
CRS__1009970180,10.9.32.29
CRS__1009970181,10.9.32.29
CRS__1009970182,10.9.32.29
CRS__1009970183,10.9.32.29
CRS__1009970184,10.9.32.29
CRS__1009970185,10.9.32.29
CRS__1009970186,10.9.32.29
CRS__1009970187,10.9.32.29
CRS__1009970188,10.9.32.29
CRS__1009970189,10.9.32.29
CRS__1009970190,10.9.32.29
CRS__1009970191,10.9.32.29
CRS__1009970192,10.9.32.29
CRS__1009970193,10.9.32.29
CRS__1009970194,10.9.32.29
CRS__1009970195,10.9.32.29
CRS__1009970196,10.9.32.29
CRS__1009970197,10.9.32.29
CRS__1009970198,10.9.32.29
CRS__1009970199,10.9.32.29
CRS__1009970200,10.9.32.29
CRS__1009970201,10.9.32.29
CRS__1009970202,10.9.32.29
CRS__1009970203,10.9.32.29
CRS__1009970204,10.9.32.29
CRS__1009970205,10.9.32.29
CRS__1009970206,10.9.32.29
CRS__1009970207,10.9.32.29
CRS__1009970208,10.9.32.29
CRS__1009970209,10.9.32.29
CRS__1009970210,10.9.32.29
CRS__1009970211,10.9.32.29
CRS__1009970212,10.9.32.29
CRS__1009970213,10.9.32.29
CRS__1009970214,10.9.32.29
CRS__1009970215,10.9.32.29
CRS__1009970216,10.9.32.29
CRS__1009970217,10.9.32.29
CRS__1009970218,10.9.32.29
CRS__1009970219,10.9.32.29
CRS__1009970220,10.9.32.29
CRS__1009970221,10.9.32.29
CRS__1009970222,10.9.32.29
CRS__1009970223,10.9.32.29
CRS__1009970224,10.9.32.29
CRS__1009970225,10.9.32.29
CRS__1009970226,10.9.32.29
CRS__1009970227,10.9.32.29
CRS__1009970228,10.9.32.29
CRS__1009970229,10.9.32.29
CRS__1009970230,10.9.32.29
CRS__1009970231,10.9.32.29
CRS__1009970232,10.9.32.29
CRS__1009970233,10.9.32.29
CRS__1009970234,10.9.32.29
CRS__1009970235,10.9.32.29
CRS__1009970236,10.9.32.29
CRS__1009970237,10.9.32.29
CRS__1009970238,10.9.32.29
CRS__1009970239,10.9.32.29
CRS__1009970240,10.9.32.29
CRS__1009970241,10.9.32.29
CRS__1009970242,10.9.32.29
CRS__1009970243,10.9.32.29
CRS__1009970244,10.9.32.29
CRS__1009970245,10.9.32.29
CRS__1009970246,10.9.32.29
CRS__1009970247,10.9.32.29
CRS__1009970248,10.9.32.29
CRS__1009970249,10.9.32.29
CRS__1009970250,10.9.32.29
CRS__1009970251,10.9.32.29
CRS__1009970252,10.9.32.29
CRS__1009970253,10.9.32.29
CRS__1009970254,10.9.32.29
CRS__1009970255,10.9.32.29
CRS__1009970256,10.9.32.29
CRS__1009970257,10.9.32.29
CRS__1009970258,10.9.32.29
CRS__1009970259,10.9.32.29
CRS__1009970260,10.9.32.29
CRS__1009970261,10.9.32.29
CRS__1009970262,10.9.32.29
CRS__1009970263,10.9.32.29
CRS__1009970264,10.9.32.29
CRS__1009970265,10.9.32.29
CRS__1009970266,10.9.32.29
CRS__1009970267,10.9.32.29
CRS__1009970268,10.9.32.29
CRS__1009970269,10.9.32.29
CRS__1009970270,10.9.32.29
CRS__1009970271,10.9.32.29
CRS__1009970272,10.9.32.29
CRS__1009970273,10.9.32.29
CRS__1009970274,10.9.32.29
CRS__1009970275,10.9.32.29
CRS__1009970276,10.9.32.29
CRS__1009970277,10.9.32.29
CRS__1009970278,10.9.32.29
CRS__1009970279,10.9.32.29
CRS__1009970280,10.9.32.29
CRS__1009970281,10.9.32.29
CRS__1009970282,10.9.32.29
CRS__1009970283,10.9.32.29
CRS__1009970284,10.9.32.29
CRS__1009970285,10.9.32.29
CRS__1009970286,10.9.32.29
CRS__1009970287,10.9.32.29
CRS__1009970288,10.9.32.29
CRS__1009970289,10.9.32.29
CRS__1009970290,10.9.32.29
CRS__1009970291,10.9.32.29
CRS__1009970292,10.9.32.29
CRS__1009970293,10.9.32.29
CRS__1009970294,10.9.32.29
CRS__1009970295,10.9.32.29
CRS__1009970296,10.9.32.29
CRS__1009970297,10.9.32.29
CRS__1009970298,10.9.32.29
CRS__1009970299,10.9.32.29
CRS__1009970300,10.9.32.29
CRS__1009971001,10.9.32.28
CRS__1009971002,10.9.32.28
CRS__1009971003,10.9.32.28
CRS__1009971004,10.9.32.28
CRS__1009971005,10.9.32.28
CRS__1009971006,10.9.32.28
CRS__1009971007,10.9.32.28
CRS__1009971008,10.9.32.28
CRS__1009971009,10.9.32.28
CRS__1009971010,10.9.32.28
CRS__1009971011,10.9.32.28
CRS__1009971012,10.9.32.28
CRS__1009971013,10.9.32.28
CRS__1009971014,10.9.32.28
CRS__1009971015,10.9.32.28
CRS__1009971016,10.9.32.28
CRS__1009971017,10.9.32.28
CRS__1009971018,10.9.32.28
CRS__1009971019,10.9.32.28
CRS__1009971020,10.9.32.28
CRS__1009971021,10.9.32.28
CRS__1009971022,10.9.32.28
CRS__1009971023,10.9.32.28
CRS__1009971024,10.9.32.28
CRS__1009971025,10.9.32.28
CRS__1009971026,10.9.32.28
CRS__1009971027,10.9.32.28
CRS__1009971028,10.9.32.28
CRS__1009971029,10.9.32.28
CRS__1009971030,10.9.32.28
CRS__1009971031,10.9.32.28
CRS__1009971032,10.9.32.28
CRS__1009971033,10.9.32.28
CRS__1009971034,10.9.32.28
CRS__1009971035,10.9.32.28
CRS__1009971036,10.9.32.28
CRS__1009971037,10.9.32.28
CRS__1009971038,10.9.32.28
CRS__1009971039,10.9.32.28
CRS__1009971040,10.9.32.28
CRS__1009971041,10.9.32.28
CRS__1009971042,10.9.32.28
CRS__1009971043,10.9.32.28
CRS__1009971044,10.9.32.28
CRS__1009971045,10.9.32.28
CRS__1009971046,10.9.32.28
CRS__1009971047,10.9.32.28
CRS__1009971048,10.9.32.28
CRS__1009971049,10.9.32.28
CRS__1009971050,10.9.32.28
CRS__1009971051,10.9.32.28
CRS__1009971052,10.9.32.28
CRS__1009971053,10.9.32.28
CRS__1009971054,10.9.32.28
CRS__1009971055,10.9.32.28
CRS__1009971056,10.9.32.28
CRS__1009971057,10.9.32.28
CRS__1009971058,10.9.32.28
CRS__1009971059,10.9.32.28
CRS__1009971060,10.9.32.28
CRS__1009971061,10.9.32.28
CRS__1009971062,10.9.32.28
CRS__1009971063,10.9.32.28
CRS__1009971064,10.9.32.28
CRS__1009971065,10.9.32.28
CRS__1009971066,10.9.32.28
CRS__1009971067,10.9.32.28
CRS__1009971068,10.9.32.28
CRS__1009971069,10.9.32.28
CRS__1009971070,10.9.32.28
CRS__1009971071,10.9.32.28
CRS__1009971072,10.9.32.28
CRS__1009971073,10.9.32.28
CRS__1009971074,10.9.32.28
CRS__1009971075,10.9.32.28
CRS__1009971076,10.9.32.28
CRS__1009971077,10.9.32.28
CRS__1009971078,10.9.32.28
CRS__1009971079,10.9.32.28
CRS__1009971080,10.9.32.28
CRS__1009971081,10.9.32.28
CRS__1009971082,10.9.32.28
CRS__1009971083,10.9.32.28
CRS__1009971084,10.9.32.28
CRS__1009971085,10.9.32.28
CRS__1009971086,10.9.32.28
CRS__1009971087,10.9.32.28
CRS__1009971088,10.9.32.28
CRS__1009971089,10.9.32.28
CRS__1009971090,10.9.32.28
CRS__1009971091,10.9.32.28
CRS__1009971092,10.9.32.28
CRS__1009971093,10.9.32.28
CRS__1009971094,10.9.32.28
CRS__1009971095,10.9.32.28
CRS__1009971096,10.9.32.28
CRS__1009971097,10.9.32.28
CRS__1009971098,10.9.32.28
CRS__1009971099,10.9.32.28
CRS__1009971100,10.9.32.28
CRS__1009971101,10.9.32.28
CRS__1009971102,10.9.32.28
CRS__1009971103,10.9.32.28
CRS__1009971104,10.9.32.28
CRS__1009971105,10.9.32.28
CRS__1009971106,10.9.32.28
CRS__1009971107,10.9.32.28
CRS__1009971108,10.9.32.28
CRS__1009971109,10.9.32.28
CRS__1009971110,10.9.32.28
CRS__1009971111,10.9.32.28
CRS__1009971112,10.9.32.28
CRS__1009971113,10.9.32.28
CRS__1009971114,10.9.32.28
CRS__1009971115,10.9.32.28
CRS__1009971116,10.9.32.28
CRS__1009971117,10.9.32.28
CRS__1009971118,10.9.32.28
CRS__1009971119,10.9.32.28
CRS__1009971120,10.9.32.28
CRS__1009971121,10.9.32.28
CRS__1009971122,10.9.32.28
CRS__1009971123,10.9.32.28
CRS__1009971124,10.9.32.28
CRS__1009971125,10.9.32.28
CRS__1009971126,10.9.32.28
CRS__1009971127,10.9.32.28
CRS__1009971128,10.9.32.28
CRS__1009971129,10.9.32.28
CRS__1009971130,10.9.32.28
CRS__1009971131,10.9.32.28
CRS__1009971132,10.9.32.28
CRS__1009971133,10.9.32.28
CRS__1009971134,10.9.32.28
CRS__1009971135,10.9.32.28
CRS__1009971136,10.9.32.28
CRS__1009971137,10.9.32.28
CRS__1009971138,10.9.32.28
CRS__1009971139,10.9.32.28
CRS__1009971140,10.9.32.28
CRS__1009971141,10.9.32.28
CRS__1009971142,10.9.32.28
CRS__1009971143,10.9.32.28
CRS__1009971144,10.9.32.28
CRS__1009971145,10.9.32.28
CRS__1009971146,10.9.32.28
CRS__1009971147,10.9.32.28
CRS__1009971148,10.9.32.28
CRS__1009971149,10.9.32.28
CRS__1009971150,10.9.32.28
CRS__1009971151,10.9.32.29
CRS__1009971152,10.9.32.29
CRS__1009971153,10.9.32.29
CRS__1009971154,10.9.32.29
CRS__1009971155,10.9.32.29
CRS__1009971156,10.9.32.29
CRS__1009971157,10.9.32.29
CRS__1009971158,10.9.32.29
CRS__1009971159,10.9.32.29
CRS__1009971160,10.9.32.29
CRS__1009971161,10.9.32.29
CRS__1009971162,10.9.32.29
CRS__1009971163,10.9.32.29
CRS__1009971164,10.9.32.29
CRS__1009971165,10.9.32.29
CRS__1009971166,10.9.32.29
CRS__1009971167,10.9.32.29
CRS__1009971168,10.9.32.29
CRS__1009971169,10.9.32.29
CRS__1009971170,10.9.32.29
CRS__1009971171,10.9.32.29
CRS__1009971172,10.9.32.29
CRS__1009971173,10.9.32.29
CRS__1009971174,10.9.32.29
CRS__1009971175,10.9.32.29
CRS__1009971176,10.9.32.29
CRS__1009971177,10.9.32.29
CRS__1009971178,10.9.32.29
CRS__1009971179,10.9.32.29
CRS__1009971180,10.9.32.29
CRS__1009971181,10.9.32.29
CRS__1009971182,10.9.32.29
CRS__1009971183,10.9.32.29
CRS__1009971184,10.9.32.29
CRS__1009971185,10.9.32.29
CRS__1009971186,10.9.32.29
CRS__1009971187,10.9.32.29
CRS__1009971188,10.9.32.29
CRS__1009971189,10.9.32.29
CRS__1009971190,10.9.32.29
CRS__1009971191,10.9.32.29
CRS__1009971192,10.9.32.29
CRS__1009971193,10.9.32.29
CRS__1009971194,10.9.32.29
CRS__1009971195,10.9.32.29
CRS__1009971196,10.9.32.29
CRS__1009971197,10.9.32.29
CRS__1009971198,10.9.32.29
CRS__1009971199,10.9.32.29
CRS__1009971200,10.9.32.29
CRS__1009971201,10.9.32.29
CRS__1009971202,10.9.32.29
CRS__1009971203,10.9.32.29
CRS__1009971204,10.9.32.29
CRS__1009971205,10.9.32.29
CRS__1009971206,10.9.32.29
CRS__1009971207,10.9.32.29
CRS__1009971208,10.9.32.29
CRS__1009971209,10.9.32.29
CRS__1009971210,10.9.32.29
CRS__1009971211,10.9.32.29
CRS__1009971212,10.9.32.29
CRS__1009971213,10.9.32.29
CRS__1009971214,10.9.32.29
CRS__1009971215,10.9.32.29
CRS__1009971216,10.9.32.29
CRS__1009971217,10.9.32.29
CRS__1009971218,10.9.32.29
CRS__1009971219,10.9.32.29
CRS__1009971220,10.9.32.29
CRS__1009971221,10.9.32.29
CRS__1009971222,10.9.32.29
CRS__1009971223,10.9.32.29
CRS__1009971224,10.9.32.29
CRS__1009971225,10.9.32.29
CRS__1009971226,10.9.32.29
CRS__1009971227,10.9.32.29
CRS__1009971228,10.9.32.29
CRS__1009971229,10.9.32.29
CRS__1009971230,10.9.32.29
CRS__1009971231,10.9.32.29
CRS__1009971232,10.9.32.29
CRS__1009971233,10.9.32.29
CRS__1009971234,10.9.32.29
CRS__1009971235,10.9.32.29
CRS__1009971236,10.9.32.29
CRS__1009971237,10.9.32.29
CRS__1009971238,10.9.32.29
CRS__1009971239,10.9.32.29
CRS__1009971240,10.9.32.29
CRS__1009971241,10.9.32.29
CRS__1009971242,10.9.32.29
CRS__1009971243,10.9.32.29
CRS__1009971244,10.9.32.29
CRS__1009971245,10.9.32.29
CRS__1009971246,10.9.32.29
CRS__1009971247,10.9.32.29
CRS__1009971248,10.9.32.29
CRS__1009971249,10.9.32.29
CRS__1009971250,10.9.32.29
CRS__1009971251,10.9.32.29
CRS__1009971252,10.9.32.29
CRS__1009971253,10.9.32.29
CRS__1009971254,10.9.32.29
CRS__1009971255,10.9.32.29
CRS__1009971256,10.9.32.29
CRS__1009971257,10.9.32.29
CRS__1009971258,10.9.32.29
CRS__1009971259,10.9.32.29
CRS__1009971260,10.9.32.29
CRS__1009971261,10.9.32.29
CRS__1009971262,10.9.32.29
CRS__1009971263,10.9.32.29
CRS__1009971264,10.9.32.29
CRS__1009971265,10.9.32.29
CRS__1009971266,10.9.32.29
CRS__1009971267,10.9.32.29
CRS__1009971268,10.9.32.29
CRS__1009971269,10.9.32.29
CRS__1009971270,10.9.32.29
CRS__1009971271,10.9.32.29
CRS__1009971272,10.9.32.29
CRS__1009971273,10.9.32.29
CRS__1009971274,10.9.32.29
CRS__1009971275,10.9.32.29
CRS__1009971276,10.9.32.29
CRS__1009971277,10.9.32.29
CRS__1009971278,10.9.32.29
CRS__1009971279,10.9.32.29
CRS__1009971280,10.9.32.29
CRS__1009971281,10.9.32.29
CRS__1009971282,10.9.32.29
CRS__1009971283,10.9.32.29
CRS__1009971284,10.9.32.29
CRS__1009971285,10.9.32.29
CRS__1009971286,10.9.32.29
CRS__1009971287,10.9.32.29
CRS__1009971288,10.9.32.29
CRS__1009971289,10.9.32.29
CRS__1009971290,10.9.32.29
CRS__1009971291,10.9.32.29
CRS__1009971292,10.9.32.29
CRS__1009971293,10.9.32.29
CRS__1009971294,10.9.32.29
CRS__1009971295,10.9.32.29
CRS__1009971296,10.9.32.29
CRS__1009971297,10.9.32.29
CRS__1009971298,10.9.32.29
CRS__1009971299,10.9.32.29
CRS__1009971300,10.9.32.29
ARC_VP001,10.207.200.130
ARC1_HPBX001,10.207.200.130
ARC1_HPBX002,10.207.200.130
ARC1_HPBX003,10.207.200.130
ARC1_HPBX004,10.207.200.130
ARC1_HPBX005,10.207.200.130
ARC1_HPBX006,10.207.200.130
ARC1_HPBX007,10.207.200.130
ARC1_HPBX008,10.207.200.130
ARC1_HPBX009,10.207.200.130
ARC1_HPBX010,10.207.200.130
ARC1_HPBX011,10.207.200.130
ARC1_HPBX012,10.207.200.130
ARC1_HPBX013,10.207.200.130
ARC1_HPBX014,10.207.200.130
ARC1_HPBX015,10.207.200.130
ARC1_HPBX016,10.207.200.130
ARC1_HPBX017,10.207.200.130
ARC1_HPBX018,10.207.200.130
ARC1_HPBX019,10.207.200.130
ARC1_HPBX020,10.207.200.130
ARC1_HPBX021,10.207.200.130
ARC1_HPBX022,10.207.200.130
ARC1_HPBX023,10.207.200.130
ARC1_HPBX024,10.207.200.130
ARC1_HPBX025,10.207.200.130
ARC1_HPBX026,10.207.200.130
ARC1_HPBX027,10.207.200.130
ARC1_HPBX028,10.207.200.130
ARC1_HPBX029,10.207.200.130
ARC1_HPBX030,10.207.200.130
ARC1_HPBX031,10.207.200.130
ARC1_HPBX032,10.207.200.130
ARC1_HPBX033,10.207.200.130
ARC1_HPBX034,10.207.200.130
ARC1_HPBX035,10.207.200.130
ARC1_HPBX036,10.207.200.130
ARC1_HPBX037,10.207.200.130
ARC1_HPBX038,10.207.200.130
ARC1_HPBX039,10.207.200.130
ARC1_HPBX040,10.207.200.130
ARC1_HPBX041,10.207.200.130
ARC1_HPBX042,10.207.200.130
ARC1_HPBX043,10.207.200.130
ARC1_HPBX044,10.207.200.130
ARC1_HPBX045,10.207.200.130
ARC1_HPBX046,10.207.200.130
ARC1_HPBX047,10.207.200.130
ARC1_HPBX048,10.207.200.130
ARC1_HPBX049,10.207.200.130
ARC1_HPBX050,10.207.200.130
ARC1_HPBX051,10.207.200.130
ARC1_HPBX052,10.207.200.130
ARC1_HPBX053,10.207.200.130
ARC1_HPBX054,10.207.200.130
ARC1_HPBX055,10.207.200.130
ARC1_HPBX056,10.207.200.130
ARC1_HPBX057,10.207.200.130
ARC1_HPBX058,10.207.200.130
ARC1_HPBX059,10.207.200.130
ARC1_HPBX060,10.207.200.130
ARC1_HPBX061,10.207.200.130
ARC1_SRVQ126,10.207.200.130
ARC1_SRVQ127,10.207.200.130
ARC1_SRVQ128,10.207.200.130
ARC1_SRVQ129,10.207.200.130
ARC1_SRVQ130,10.207.200.130
ARC1_SRVQ131,10.207.200.130
ARC1_SRVQ132,10.207.200.130
ARC1_SRVQ133,10.207.200.130
ARC1_SRVQ134,10.207.200.130
ARC1_SRVQ135,10.207.200.130
ARC1_SRVQ136,10.207.200.130
ARC1_SRVQ137,10.207.200.130
ARC1_SRVQ138,10.207.200.130
ARC1_SRVQ139,10.207.200.130
ARC1_SRVQ140,10.207.200.130
ARC1_SRVQ141,10.207.200.130
ARC1_SRVQ142,10.207.200.130
ARC1_SRVQ143,10.207.200.130
ARC1_SRVQ144,10.207.200.130
ARC1_SRVQ145,10.207.200.130
ARC1_SRVQ146,10.207.200.130
ARC1_SRVQ147,10.207.200.130
ARC1_SRVQ148,10.207.200.130
ARC1_SRVQ149,10.207.200.130
ARC1_SRVQ150,10.207.200.130
ARC1_SRVQ151,10.207.200.130
ARC1_SRVQ152,10.207.200.130
ARC1_SRVQ153,10.207.200.130
ARC1_SRVQ154,10.207.200.130
ARC1_SRVQ155,10.207.200.130
ARC1_SRVQ156,10.207.200.130
ARC1_SRVQ157,10.207.200.130
ARC1_SRVQ158,10.207.200.130
ARC1_SRVQ159,10.207.200.130
ARC1_SRVQ160,10.207.200.130
ARC1_SRVQ161,10.207.200.130
ARC1_SRVQ162,10.207.200.130
ARC1_SRVQ163,10.207.200.130
ARC1_SRVQ164,10.207.200.130
ARC1_CPRK175,10.207.200.130
ARC1_CPRK176,10.207.200.130
ARC1_CPRK177,10.207.200.130
ARC1_CPRK178,10.207.200.130
ARC1_CPRK179,10.207.200.130
ARC1_CPRK180,10.207.200.130
ARC1_CPRK181,10.207.200.130
ARC1_CPRK182,10.207.200.130
ARC1_CPRK183,10.207.200.130
ARC1_CPRK184,10.207.200.130
ARC1_CPRK185,10.207.200.130
ARC1_CPRK186,10.207.200.130
ARC1_CPRK187,10.207.200.130
ARC1_CPRK188,10.207.200.130
ARC1_CPRK189,10.207.200.130
ARC1_CPRK190,10.207.200.130
ARC1_CPRK191,10.207.200.130
ARC1_CPRK192,10.207.200.130
ARC1_CPRK193,10.207.200.130
ARC1_CPRK194,10.207.200.130
ARC1_CPRK195,10.207.200.130
ARC1_CPRK196,10.207.200.130
ARC1_CPRK197,10.207.200.130
ARC1_CPRK198,10.207.200.130
ARC1_CPRK199,10.207.200.130
ARC1_CPRK200,10.207.200.130
ARC1_CPRK201,10.207.200.130
ARC1_CPRK202,10.207.200.130
ARC1_CPRK203,10.207.200.130
ARC1_CPRK204,10.207.200.130
SEP0C2724BB42F6,10.13.16.87
SEP0C2724BB42DE,10.13.18.94
SEP0C2724BB3F89,10.13.18.56
SEP0C2724BB3DBE,10.13.16.54
SEP0C2724BB3DAA,10.13.18.57
SEP0C2724BB3B29,10.13.16.79
SEP0C2724BB3645,10.13.18.95
SEP0C2724BB3F76,10.13.18.92
SEP0C2724BB2E8D,10.13.16.77
SEP0C2724BB3FA5,10.13.16.85
SEP0C2724BB3F6C,10.13.18.93
SEP0C2724BB3B00,10.13.18.96
SEP0C2724BB42F8,10.13.18.71
SEP0C2724BB319A,10.13.16.91
SEP34A84E612A17,10.17.23.196
SEP34A84E61400C,10.17.23.218
SEP34A84E61232D,10.17.22.67
SEP34A84E61404F,10.17.22.219
SEP34A84E613FF9,10.17.22.63
SEP34A84E60E585,10.17.22.59
SEP34A84E609A12,10.17.22.116
SEP34A84E611E10,10.17.22.66
SEP34A84E611DDC,10.17.22.222
SEP34A84E6140D8,10.17.22.64
SEP34A84E61411F,10.17.23.51
SEP34A84E614124,10.17.22.118
SEP34A84E614048,10.17.22.142
SEP34A84E611E5C,10.17.23.204
SEP34A84E60E1B3,10.17.23.75
SEP34A84E611E53,10.17.22.47
SEP34A84E61402A,10.17.23.193
SEP34A84E6140E7,10.17.23.63
SEP6CFA8903685E,10.10.202.250
SEP6CFA89038576,10.10.202.21
SEP00E16DBBCC39,10.10.202.124
SEP6CFA8903916F,10.10.202.111
SEP6CFA89039250,10.10.202.52
SEP6CFA890392B6,10.10.202.171
SEP6CFA890392B5,10.10.202.60
SEP6CFA89039280,10.111.227.196
SEP701F534C7DC1,10.111.227.98
SEP6CFA890392A6,10.10.202.104
SEP6CFA89038509,10.10.202.151
SEP6CFA89036852,10.10.202.13
SEP6CFA8903858C,10.10.202.242
SEP6CFA8903B760,10.10.202.106
SEP6CFA890391DF,10.10.202.115
SEP6CFA890391FA,10.10.202.80
SEP6CFA890363FC,10.10.202.155
SEP6CFA89036AE7,10.10.202.119
SEP6CFA8903923E,10.10.202.218
SEP6CFA89039194,10.10.202.116
SEP6CFA89039216,10.10.202.248
SEP6CFA89036416,10.10.202.254
SEP6CFA8903919E,10.10.202.84
SEP6CFA8903641B,10.10.202.251
SEP6CFA89036774,10.10.202.67
SEP6CFA89038585,10.10.202.76
SEP6CFA89038574,10.10.202.108
SEP6CFA89036811,10.10.202.86
SEP6CFA89036802,10.10.202.143
SEP6CFA8903686E,10.10.202.244
SEP6CFA89038DD4,10.10.202.211
SEP6CFA89038D19,10.10.202.59
SEP6CFA890385A4,10.10.202.75
SEP6CFA89036805,10.10.202.172
SEP6CFA890392BD,10.10.202.199
SEP6CFA89039261,10.10.202.37
SEP6CFA890392A1,10.10.202.29
SEP6CFA89039150,10.10.202.103
SEP6CFA890391DC,10.10.202.83
SEP6CFA890391E4,10.10.202.221
SEP6CFA89039265,10.10.202.15
SEP6CFA89039157,10.10.202.205
SEP6CFA8903923B,10.10.202.126
SEP6CFA8903915A,10.10.202.49
SEP6CFA890369EC,10.10.202.33
SEP6CFA89036A37,10.10.202.245
SEP6CFA8903B1E5,10.10.202.77
SEP6CFA89036B1E,10.10.202.97
SEP6CFA89036817,10.10.202.135
SEP6CFA89038569,10.10.202.203
SEP6CFA890368D4,10.10.202.99
SEP6CFA890367FE,10.10.202.233
SEP6CFA89036804,10.10.202.223
SEP6CFA89038D2E,10.10.202.40
SEP6CFA89038594,10.10.202.65
SEP6CFA8903926A,10.10.202.201
SEP6CFA89036890,10.10.202.252
SEPC80084ABEF68,10.111.227.9
SEPC80084ABEF13,10.111.227.227
SEPC80084ABEF7E,10.111.227.108
SEP88908D686233,10.111.227.12
SEP88908D6861E9,10.111.227.6
SEP88908D6861AD,10.111.227.124
SEP88908D686349,10.111.227.50
SEPC80084ABEF71,10.111.227.90
SEPC80084ABEFF7,10.111.227.249
SEPC80084ABF005,10.111.227.18
SEP88908D686212,10.111.227.11
SEP6CFA8903913F,10.10.202.12
SEP6CFA89039254,10.10.202.122
SEP6CFA890391D2,10.10.202.237
SEP6CFA89038589,10.10.202.118
SEP6CFA8903677B,10.10.202.243
SEP6CFA89038D0C,10.10.202.36
SEP6CFA8903684D,10.10.202.56
SEP6CFA890368D7,10.10.202.125
SEP6CFA89038506,10.10.202.96
SEP000832C6C949,10.10.202.26
SEP6CFA89038586,10.10.202.206
SEP6CFA89039289,10.111.226.220
SEP00E16DBBC950,10.10.202.241
SEP6CFA89039262,10.10.202.35
SEP6CFA890392A9,10.10.202.133
SEP6CFA890391AF,10.10.202.93
SEP6CFA890392D8,10.10.202.51
SEP6CFA89039873,10.10.202.235
SEP6CFA890391CB,10.10.202.157
SEP6CFA89039158,10.10.202.225
SEP6CFA890392B0,10.10.202.121
SEP6CFA89036B98,10.10.202.72
SEP6CFA8903914D,10.10.202.73
SEP6CFA890368E9,10.10.202.94
SEP6CFA890364B0,10.10.202.87
SEP6CFA8903655A,10.10.202.54
SEP6CFA89039284,10.10.202.194
SEP6CFA89036494,10.10.202.239
SEP6CFA8903925D,10.10.202.130
SEP6CFA890364E3,10.10.202.127
SEP6CFA8903929F,10.10.202.11
SEP6CFA89036611,10.10.202.120
SEP6CFA890391B2,10.10.202.25
SEP6CFA890392C3,10.10.202.167
SEP6CFA890392C7,10.10.202.114
SEP6CFA890392CA,10.10.202.48
SEP6CFA89036A5F,10.10.202.22
SEP6CFA89038578,10.10.202.30
SEP6CFA89039291,10.10.202.234
SEP6CFA890364A4,10.10.202.32
SEP6CFA890391EE,10.10.202.17
SEP00E16DBA1FBC,10.14.26.223
SEP88908D68DAB8,10.10.233.38
SEPC47295A9C3E3,10.10.234.163
SEP547C69D7A928,10.10.233.36
SEP547C69D7A977,10.10.233.32
SEP6CFA89027DE3,10.10.233.39
SEP204C9EB2831C,10.10.233.35
SEP00CCFC16CCD5,10.14.26.212
SEPF0B2E579E8F1,10.11.219.243
SEPF0B2E579E8F0,10.11.219.246
SEP547C69D7A925,10.11.202.194
SEPE0D173E4E46D,10.11.202.126
SEPE0D173E4B15E,10.11.202.100
SEPE0D173E4B1A5,10.11.203.232
SEP3820560D69FA,10.14.23.195
SEP3820560D69F5,10.14.23.194
SEP00CCFC16ED00,10.11.203.214
SEP547C69D7A951,10.11.202.180
SEP9C57ADD2F2AC,10.14.30.245
SEP94D469AE4D22,10.11.202.102
SEPE0D173E4B110,10.11.202.113
SEPBC671C3006A2,10.11.201.77
SEPBC671C3004AF,10.11.203.245
SEPBC671C315C1B,10.11.202.205
SEP6CFA89023220,10.11.203.244
SEP38ED185470DC,10.11.202.112
SEP94D469AE1E8D,10.11.202.103
SEP94D469AE21C8,10.11.202.98
SEP94D469AE4CF9,10.11.203.235
SEP94D469AE4D09,10.11.202.96
SEP38ED18547100,10.11.203.229
SEP0041D2B3915D,10.14.31.164
SEP00E16DBA2273,10.11.218.120
SEP94D469AF013C,10.11.203.194
SEPC47295A9BA62,10.8.155.49
SEP88908D69AF14,10.11.218.114
SEP547C69D7AC2F,10.11.202.195
SEP007686EC54F6,10.18.235.253
SEPBCC49396B0D3,10.11.203.230
SEPDCCEC1D5BBCF,10.8.155.80
SEP00CCFC16C830,10.8.155.236
SEP547C69D7A97D,10.8.155.6
SEP9C57ADD29FEA,10.8.155.93
SEP544A00377D44,10.8.154.250
SEP2C86D277422A,10.8.154.254
SEP003C10E941AF,10.8.154.152
SEP0C116781685B,10.8.155.184
SEP74860B8F39C4,10.8.154.248
SEP544A00377D90,10.8.154.249
SEP0C1167813C0A,10.8.155.179
SEP547C69D7A671,10.8.155.62
SEPDCCEC1D5BBAE,10.8.155.164
SEP00CCFCA66D7E,10.8.155.5
SEP00CCFCA66E92,10.8.155.3
SEP00CCFCA66D0A,10.8.155.2
SEP00CCFCA66D32,10.8.155.110
SEP00CCFCA66D9A,10.8.155.118
SEP00CCFCA66CFB,10.8.155.114
SEP00CCFCA66D00,10.8.155.115
SEP00CCFCA66E7A,10.8.154.228
SEP00CCFCA66DCC,10.8.155.123
SEP00CCFCA66D1B,10.8.154.225
SEP00CCFCA66CF1,10.8.155.224
SEP00CCFCA62791,10.8.154.227
SEP70F35AD21F19,10.13.59.35
SEP00562B63ECC8,10.11.203.227
SEP00562B63EAF1,10.11.203.226
SEP94D469AE1EBB,10.11.202.121
SEP00562B63EAFE,10.11.202.120
SEP00562B63EBEC,10.11.203.237
SEP94D469AE4D33,10.11.202.127
SEP3820560CC029,10.8.155.87
SEP0C1167812E78,10.8.155.65
SEP009E1EDF7F82,10.8.155.39
SEP88908D6900B5,10.8.155.162
SEP00562B63F235,10.8.155.96
SEP501CB0769AEE,10.8.154.134
SEP701F5386CFA2,10.8.155.0
SEP701F5386D09B,10.8.154.56
SEP007686EC5420,10.8.155.165
SEP007686EC54B0,10.8.155.139
SEP38ED18548B13,10.8.155.95
SEP701F5386D6B6,10.8.154.129
SEP74860B8F000F,10.8.154.154
SEP88908D6954A4,10.11.218.117
SEP80E86F239D7E,10.18.235.242
SEP547C69D75E02,10.11.202.119
SEP88908D6953DA,10.11.219.242
SEP88908D69543C,10.11.218.118
SEP9C57ADB93035,10.11.219.228
SEP88908D6954F7,10.11.218.116
SEP88908D695467,10.11.218.113
SEP88908D6953BD,10.11.219.241
SEP00562B63F1B8,10.20.138.10
SEP88908D694DB6,10.11.219.240
SEP9C57ADD3FF88,10.11.219.231
SEP9C57ADB5FD84,10.11.218.126
SEP9C57ADB56C91,10.18.234.143
SEP88908D694DF1,10.11.218.124
SEP00E16DBB5C47,10.8.154.252
SEP38ED185470D1,10.7.235.59
SEPD42C44854730,10.7.235.49
SEP88908D68F2B9,10.7.235.89
SEP00CCFC17589A,10.7.235.53
SEP00CCFC16ED3C,10.7.235.116
SEP94D469AE4D27,10.11.203.238
SEP70F35AD22819,10.11.202.77
SEP0059DC5B2552,10.11.203.220
SEP0076861A85E2,10.11.203.199
SEP0059DC5B240C,10.11.203.209
SEP0059DC5BA03F,10.11.203.210
SEP0059DC5B23DD,10.11.203.197
SEP0059DC5B2476,10.11.202.93
SEP0059DC5B245B,10.11.202.82
SEP0059DC5B23F8,10.11.203.198
SEP0059DC5B25C4,10.11.203.221
SEPDCCEC1D528F4,10.18.234.142
SEP0059DC5B2400,10.11.202.83
SEP0059DC5B2559,10.11.203.213
SEP0059DC5B2561,10.14.6.228
SEP0059DC5B260B,10.11.202.111
SEP0059DC5B2631,10.11.203.208
SEP38ED18547195,10.11.203.187
SEP0059DC5B239F,10.11.202.86
SEP0059DC5B23DB,10.14.6.229
SEP0059DC5B2593,10.11.203.211
SEPDCCEC1D5BF97,10.8.155.113
SEP94D469AE4CFD,10.8.155.30
SEPDCCEC1D5BB08,10.8.154.135
SEP88908D6900F5,10.8.155.7
SEP9C57ADB48A8A,10.8.155.68
SEP3820560CBFD4,10.8.155.72
SEP701F5386D03B,10.8.154.255
SEPF0B2E57828F7,10.8.155.70
SEP88908D68EE87,10.8.155.138
SEPD42C448425BA,10.8.155.76
SEPDCCEC1D52D36,10.8.155.86
SEP3820560D6948,10.8.155.38
SEP000832C6E170,10.8.154.153
SEP00082F1B5837,10.8.155.122
SEP544A003781F9,10.8.155.92
SEP0057D2D08029,10.8.155.121
SEP0057D2D0A9DE,10.8.155.220
SEP70F35AD21F0B,10.8.155.253
SEPD42C448442C1,10.8.155.58
SEP544A003781DC,10.8.155.73
SEP701F5386D02F,10.18.235.231
SEPE0D173E4F732,10.12.24.61
SEP88908D6954B3,10.11.219.250
SEP88908D69AF18,10.11.219.248
SEPF0B2E5783C9D,10.52.0.65
SEP88908D69AF23,10.11.219.251
SEPE0D173E4F833,10.8.155.100
SEP88908D694DD8,10.11.218.140
SEP6899CD854E04,10.8.155.48
SEP3820560D68DA,10.8.155.66
SEP94D469AE1EA3,10.8.155.63
SEP9C57ADD3FEF5,10.14.55.17
SEPF09E636F7CDF,10.8.155.28
SEP00CCFCA66D2C,10.8.155.127
SEP9C57ADD3FF5D,10.14.55.16
SEP50F7222C2B6C,10.11.203.178
SEP70F35AD227C4,10.11.203.179
SEP000832C6703D,10.48.11.52
SEP1CE85D07492A,10.10.62.125
SEP6CFA89020348,10.10.62.119
SEP6CFA890204AE,10.10.62.117
SEP00E16DBBFCED,10.10.62.126
SEP6CFA89021EEC,10.10.62.116
SEP1CE85D074905,10.10.121.62
SEP6CFA89039249,10.10.5.230
SEP50F7222C7735,10.10.202.131
SEP6CFA890391C5,10.10.5.222
SEP6CFA89036836,10.10.202.253
SEP6CFA8903643B,10.10.202.98
SEP6CFA8903927A,10.10.202.217
SEP6CFA8903B43D,10.111.227.240
SEP6CFA8903A5D2,10.111.227.80
SEP6CFA8903AA94,10.111.227.29
SEP6CFA8903B4AF,10.111.227.119
SEP6CFA8903AD2F,10.111.227.175
SEP6CFA8903B47F,10.111.227.35
SEP6CFA890391F1,10.111.227.19
SEP6CFA8903B497,10.111.227.224
SEP6CFA8903AD52,10.111.227.151
SEP6CFA8903B38B,10.111.227.5
SEP6CFA8903A4EB,10.111.227.68
SEP6CFA8903B39D,10.111.227.203
SEP00E16DBBCC55,10.111.227.161
SEP00E16DBBCD37,10.111.227.147
SEP00E16DBBF91A,10.111.227.36
SEP00E16DBBCBA9,10.111.227.178
SEP00E16DBBCC8E,10.111.226.222
SEP00E16DBBCD25,10.111.227.1
SEP6CFA8903B40D,10.111.227.126
SEP00E16DBBCEBB,10.111.227.149
SEP6CFA8903A447,10.111.227.253
SEP00E16DBBCC6A,10.111.227.250
SEP00E16DBBCC2F,10.111.227.141
SEP00E16DBBCEA9,10.111.206.87
SEP6CFA8903A5AF,10.111.227.220
SEP6CFA8903A5FD,10.111.227.87
SEP6CFA89037244,10.111.227.239
SEP6CFA8903B38C,10.111.226.221
SEP6CFA8903A682,10.111.227.211
SEP6CFA8903A50C,10.111.227.71
SEP6CFA8903A5E6,10.111.227.61
SEP6CFA8903ABA9,10.111.227.157
SEP6CFA8903A6B9,10.111.227.185
SEP00E16DBBD338,10.111.227.112
SEP88908D686343,10.111.227.187
SEP6CFA8903A7AC,10.111.227.138
SEP00E16DBBCC56,10.111.226.206
SEP00E16DBBD0F0,10.111.227.228
SEP6CFA8903A49E,10.111.227.30
SEP00E16DBBD213,10.111.227.53
SEP00E16DBBCCAD,10.111.227.31
SEP00E16DBBD370,10.111.227.208
SEP00E16DBBDA66,10.111.227.125
SEP00E16DBBD33A,10.111.227.54
SEP6CFA8903AD37,10.111.226.234
SEP00E16DBBFA9C,10.111.227.130
SEP6CFA8903ADAB,10.111.227.251
SEP50F7222D4F8D,10.111.227.137
SEP6CFA8903B43C,10.111.227.226
SEP00E16DBBCD69,10.111.226.237
SEP6CFA8903AA64,10.111.227.248
SEP00E16DBBF81B,10.111.227.2
SEP6CFA8903AD83,10.111.227.131
SEP6CFA8903A503,10.111.227.189
SEP6CFA8903B3C1,10.111.227.63
SEP00E16DBBCCB2,10.111.227.96
SEP6899CD854DEF,10.111.226.214
SEP00E16DBBFAB1,10.111.227.58
SEP00E16DBBCC5A,10.111.227.182
SEP00E16DBBCE77,10.111.227.59
SEP00E16DBBCC44,10.111.227.176
SEP00E16DBBCC7F,10.111.227.218
SEP00E16DBBCC37,10.111.227.37
SEP88908D6861EA,10.111.227.139
SEP00E16DBBCC78,10.111.227.106
SEP6CFA8903ADD5,10.111.227.122
SEP6CFA8903B54E,10.111.227.215
SEP6CFA8903B46A,10.111.226.243
SEP6CFA8903B50B,10.111.226.235
SEP6CFA8903AD25,10.111.227.145
SEP6CFA8903B3C2,10.111.227.242
SEP6CFA8903A45E,10.111.226.246
SEP6CFA8903AD91,10.111.227.229
SEP00E16DBBCC45,10.111.226.217
SEP1CE85D07510D,10.111.226.240
SEP00E16DBBCCB4,10.111.226.238
SEP00E16DBBF901,10.111.227.72
SEP00E16DBBC5F4,10.111.227.17
SEP00E16DBBCC81,10.111.227.70
SEP00E16DBBCE56,10.111.227.238
SEP6CFA89039271,10.111.227.154
SEP00E16DBBCEC2,10.111.227.155
SEP00E16DBBCC2A,10.111.226.251
SEP00E16DBBC9B3,10.111.227.77
SEP00E16DBBCC3D,10.111.227.15
SEP6CFA8903AD90,10.111.227.55
SEP6CFA8903B490,10.111.227.201
SEP6CFA8903A536,10.111.227.73
SEP6CFA8903A4B9,10.111.227.244
SEP6CFA8903ADAC,10.111.227.235
SEP6CFA8903B674,10.111.227.104
SEP6CFA8903ADB6,10.111.227.234
SEP6CFA8903ADB9,10.111.227.146
SEP6CFA8903B3A3,10.111.227.192
SEP1CE85D07548E,10.111.227.156
SEP6CFA8903AE4D,10.111.227.79
SEPC80084ABEF60,10.111.227.199
SEP00E16DBBCC6E,10.111.226.233
SEP00E16DBBCE6A,10.111.227.236
SEP00E16DBBCC34,10.111.227.94
SEP00E16DBBFB4D,10.111.227.75
SEP00E16DBBC567,10.111.227.57
SEP00E16DBBFB1F,10.111.227.117
SEP00E16DBBCEC1,10.111.227.120
SEP00E16DBBDD23,10.111.227.197
SEP00E16DBBDFBF,10.111.227.28
SEP00E16DBBDBAF,10.111.227.216
SEP00E16DBBDDC7,10.111.227.21
SEP00E16DBBDFC2,10.111.227.241
SEP88908D68EB39,10.111.227.105
SEP00E16DBBCC80,10.111.227.123
SEP00E16DBBB1EF,10.111.227.62
SEP00E16DBBCC98,10.111.227.177
SEP00E16DBBDFA9,10.111.227.184
SEP00E16DBBDF79,10.111.227.101
SEP00E16DBBDFB5,10.111.227.38
SEP00E16DBBCBDB,10.111.227.210
SEP00E16DBBCEA3,10.111.226.255
SEP50F7222C7807,10.111.227.200
SEP00E16DBBCC58,10.111.227.93
SEP1CE85D075150,10.111.227.243
SEP00E16DBBCC93,10.111.227.0
SEP00E16DBBCBF7,10.111.227.222
SEP6CFA89038583,10.10.202.42
SEP00E16DBBCC6B,10.111.227.163
SEP00E16DBBCBE1,10.111.227.213
SEP00E16DBBDFC1,10.111.227.132
SEP00E16DBBCC67,10.111.227.60
SEP00E16DBBCC41,10.111.227.33
SEP00E16DBBCEB0,10.111.227.26
SEP00E16DBBCC6F,10.111.227.39
SEP00E16DBBF8F9,10.111.227.134
SEP6CFA8903D02F,10.10.202.16
SEP6CFA890391FB,10.10.202.220
SEP00E16DBBCC14,10.111.227.69
SEP00E16DBBCD64,10.111.227.46
SEP00E16DBBCC43,10.111.227.74
SEPC444A074053F,10.111.227.204
SEP00E16DBBCCF4,10.111.227.133
SEP00E16DBBCBD3,10.111.227.40
SEP00E16DBBCD8B,10.111.227.202
SEP6CFA890391D1,10.111.227.167
SEP1CE85D075124,10.111.227.100
SEP6CFA89037F88,10.111.227.56
SEP00E16DBBCC1B,10.111.227.23
SEP00E16DBBCC38,10.111.227.42
SEP00E16DBBCCAF,10.111.227.231
SEP00E16DBBFB4B,10.111.226.244
SEP00E16DBBCD1B,10.111.227.160
SEP00E16DBBF91C,10.111.227.8
SEP00E16DBBCC24,10.111.227.150
SEP00E16DBBCC5D,10.111.227.223
SEP00E16DBBCC32,10.111.227.51
SEP00E16DBBCC9A,10.111.227.214
SEP50F7222D4F7F,10.10.202.55
SEP00E16DBBF8AC,10.111.227.254
SEP00E16DBBCBD4,10.111.227.188
SEP00E16DBBFAD1,10.111.227.232
SEP00E16DBBCCC2,10.111.227.136
SEP00E16DBBCC4F,10.111.226.210
SEP00E16DBBCC54,10.111.227.237
SEP00E16DBBCEBA,10.111.227.91
SEP00E16DBBCBDD,10.111.227.64
SEP00E16DBBCC4D,10.111.227.181
SEP00E16DBBFB38,10.111.227.76
SEP00E16DBBCCA5,10.111.227.206
SEP00E16DBBCCAE,10.111.227.166
SEP00E16DBBCEB5,10.111.226.250
SEP00E16DBBCC35,10.111.227.158
SEP00E16DBBCC84,10.111.227.179
SEP00E16DBBCCA9,10.111.227.45
SEP00E16DBBCE30,10.111.226.236
SEP00E16DBBCD6F,10.111.227.65
SEP00E16DBBCCE6,10.111.227.165
SEP00E16DBBC9A9,10.111.227.152
SEP00E16DBBCC87,10.111.227.162
SEP00E16DBBCE82,10.111.227.82
SEP00E16DBBF8AD,10.111.226.232
SEP00E16DBBCC6D,10.111.227.88
SEP00E16DBBCD2E,10.111.227.219
SEP00E16DBBCBD7,10.111.227.171
SEP00E16DBBCC2B,10.111.227.252
SEP00E16DBBCCB6,10.111.227.174
SEP00E16DBBCC50,10.111.227.169
SEP701F534C7539,10.111.227.111
SEP00E16DBBF821,10.111.227.27
SEP00E16DBBCE5D,10.111.226.242
SEP00E16DBBCC3B,10.111.227.3
SEP00E16DBBCEBE,10.111.227.217
SEP00E16DBBCEB4,10.111.227.13
SEP00E16DBBCC73,10.111.227.148
SEP00E16DBBCC2C,10.111.227.92
SEP00E16DBBFAF3,10.111.226.212
SEP00E16DBBC99D,10.111.227.159
SEP00E16DBBCC53,10.111.227.194
SEP00E16DBBFAA4,10.111.227.230
SEP00E16DBBCCF7,10.111.227.245
SEP00E16DBBCC5B,10.111.227.173
SEP00E16DBBF931,10.111.227.107
SEP00E16DBBCC70,10.111.227.180
SEP00E16DBBCC2D,10.111.226.239
SEP00E16DBBCCE1,10.111.227.170
SEP00E16DBBF922,10.111.227.143
SEP00E16DBBCE48,10.111.227.4
SEP00E16DBBCE99,10.111.227.195
SEP00E16DBBCEB9,10.111.227.209
SEP00E16DBBCCB1,10.111.227.110
SEP00E16DBBCE91,10.111.226.207
SEP00E16DBBCC7D,10.111.227.190
SEP00E16DBBCD5E,10.111.227.66
SEP00E16DBBCC3C,10.111.226.231
SEP00E16DBBCCB3,10.111.227.86
SEP00E16DBBCC97,10.111.227.97
SEP00E16DBBCBC1,10.111.227.233
SEP00E16DBBCEC4,10.111.227.109
SEP00E16DBBF83B,10.111.227.103
SEP00E16DBBBFD5,10.111.227.168
SEP00E16DBBCD42,10.111.227.140
SEP00E16DBBCBF4,10.111.227.142
SEP00E16DBBCC9B,10.111.226.252
SEP00E16DBBCC63,10.111.227.183
SEP00E16DBBCC8C,10.111.227.25
SEP00E16DBBCC95,10.111.227.78
SEP00E16DBBFB05,10.111.226.254
SEP00E16DBBCC01,10.111.226.245
SEP6CFA8903857F,10.10.5.223
SEP6CFA89039276,10.10.202.74
SEP6CFA89039275,10.111.227.89
SEP6CFA8903922E,10.10.202.229
SEPC80084ABEF77,10.10.202.152
SEP6CFA890367C2,10.10.202.149
SEP00EBD5E662B3,10.18.99.77
SEP00EBD5E662EB,10.18.98.236
SEP204C9EB282FD,10.10.123.83
SEP009E1EDFA65C,10.18.98.119
SEP544A00374F63,10.18.98.103
SEP204C9EB28245,10.18.98.134
SEP204C9EB2831E,10.18.98.118
SEPC47295A9C943,10.18.98.174
SEP204C9EB281FD,10.18.99.64
SEP88908D691019,10.18.98.125
SEPC47295A9C8CD,10.18.98.148
SEPC47295A9C8A5,10.18.98.206
SEPC47295A9C8E0,10.18.98.216
SEPC47295A9C9B2,10.18.99.55
SEPC47295A9C3FF,10.18.99.24
SEP547C69D75E03,10.18.98.100
SEP547C69D75E80,10.18.98.121
SEPC47295A9C4AD,10.18.98.203
SEPC47295A9C4A5,10.18.98.171
SEPC47295A9C46C,10.18.98.228
SEPC47295A9C227,10.18.98.184
SEPC47295A9C56E,10.18.99.21
SEP547C69D77C1D,10.18.99.8
SEPC47295A9C878,10.18.99.88
SEP547C69D77749,10.18.98.156
SEP547C69D7A6E4,10.18.98.209
SEP547C69D78933,10.18.98.252
SEPC47295A9C89C,10.18.98.124
SEPC47295A9C8A2,10.18.99.46
SEPC47295A9C8BB,10.18.98.116
SEPC47295A9BF76,10.18.98.123
SEP88908D68DAA8,10.18.99.27
SEP547C69D7894A,10.18.98.205
SEP547C69D78930,10.18.98.207
SEP547C69D7879E,10.18.98.144
SEPC47295A9C3D6,10.18.98.133
SEP547C69D7A706,10.18.99.67
SEPC47295A9C4B4,10.18.99.100
SEPC47295A9C831,10.13.117.1
SEP547C69D7893F,10.18.99.51
SEPC47295A9C954,10.18.99.49
SEPC47295A9C96E,10.18.99.40
SEP204C9EB2DD8A,10.18.98.180
SEPC47295A9C46E,10.18.99.7
SEP88908D68D90E,10.18.98.160
SEPC80084AB0756,10.18.99.92
SEP547C69D75E55,10.18.98.122
SEP547C69D77746,10.18.98.249
SEP88908D68DA41,10.18.98.231
SEP88908D68DAA1,10.18.98.187
SEPC47295A9C88F,10.18.98.168
SEP547C69D785DD,10.18.99.1
SEP204C9EB2DD59,10.18.98.199
SEP88908D68DAB3,10.18.99.96
SEP547C69D76315,10.18.99.91
SEP547C69D77715,10.18.99.95
SEP547C69D7770B,10.18.99.5
SEPC47295A9CB50,10.18.98.138
SEPC47295A9C8D2,10.18.99.30
SEP547C69D7A7C4,10.13.117.4
SEP547C69D7AEE1,10.13.117.44
SEP204C9EB28248,10.13.116.57
SEP94D469AE1EC6,10.13.117.244
SEP88908D69134C,10.18.99.81
SEP204C9EB28219,10.18.98.191
SEPC47295A9C885,10.18.98.141
SEP547C69D77C1A,10.18.99.99
SEPC47295A9C4BD,10.13.116.75
SEP88908D68D8EC,10.13.116.55
SEP88908D68D909,10.13.117.247
SEP547C69D77750,10.13.117.246
SEP88908D68DA99,10.18.98.154
SEPC47295A9C477,10.18.98.150
SEP547C69D7A701,10.18.98.113
SEP88908D68DA20,10.18.98.176
SEP88908D68D907,10.18.98.218
SEP88908D68D908,10.18.98.227
SEP88908D68DAF2,10.18.98.151
SEPC47295A9C872,10.18.99.52
SEPC47295A9C8C7,10.18.98.237
SEP547C69D785C2,10.18.98.247
SEP547C69D7859E,10.18.98.244
SEP204C9EB281BB,10.18.99.4
SEPC47295A9C8A0,10.18.98.167
SEPC47295A9C9C2,10.18.99.29
SEPC47295A9C944,10.18.99.25
SEP547C69D75E42,10.13.117.42
SEPD42C4484255E,10.13.117.2
SEP204C9EB281EF,10.13.117.18
SEPD42C44842566,10.13.117.58
SEP547C69D75E33,10.18.98.115
SEP547C69D7858C,10.18.99.65
SEP547C69D78571,10.18.98.106
SEP204C9EB28350,10.18.98.169
SEP204C9EB28241,10.18.98.128
SEPC47295A9C4E5,10.18.99.78
SEP547C69D7894F,10.13.117.241
SEPD42C44842661,10.13.117.14
SEPD42C4484260F,10.13.117.57
SEPD42C448425F4,10.13.117.56
SEPD42C448425B7,10.13.117.62
SEP204C9EB28271,10.18.98.225
SEPC47295A9CA23,10.18.98.220
SEP547C69D7A6F1,10.13.117.6
SEP547C69D7A6D0,10.13.117.36
SEP204C9EB28263,10.18.98.112
SEPD42C448425E3,10.13.117.63
SEPC47295A9C569,10.18.98.196
SEP547C69D785AE,10.18.98.250
SEPC47295A9C549,10.18.98.243
SEPC47295A9C47A,10.18.98.105
SEP547C69D7A7A6,10.13.116.62
SEP00EBD5E66210,10.13.116.72
SEPD42C44842595,10.13.117.3
SEPD42C448425D4,10.13.117.37
SEPD42C44842680,10.13.117.59
SEP547C69D7774E,10.18.98.131
SEPC47295A9C9EC,10.18.99.90
SEPC47295A9C800,10.18.99.37
SEPC47295A9C8B7,10.18.99.31
SEPC47295A9C90E,10.18.98.212
SEPC47295A9C895,10.18.99.23
SEPC47295A9C541,10.18.99.47
SEPC47295A9C4E7,10.18.98.190
SEP547C69D7A6D4,10.13.117.5
SEP547C69D785A4,10.18.98.213
SEP547C69D787D7,10.18.99.75
SEP547C69D7893B,10.18.98.210
SEP547C69D7884B,10.18.99.70
SEP204C9EB282F1,10.18.99.76
SEP547C69D7A7C1,10.13.117.35
SEPC47295A9C851,10.18.99.12
SEP547C69D7A7E4,10.18.98.194
SEP204C9EB28336,10.18.98.223
SEP88908D69132F,10.18.99.63
SEP204C9EB2824B,10.18.98.193
SEP547C69D75E36,10.18.98.114
SEP547C69D77712,10.8.110.44
SEPC47295A9C873,10.18.99.50
SEPC47295A9C87C,10.18.99.2
SEPC47295A9C486,10.18.98.182
SEPC47295A9C868,10.18.99.62
SEP547C69D787CC,10.18.98.173
SEPC47295A9C85C,10.18.98.183
SEP547C69D76300,10.18.98.229
SEP204C9EB28254,10.18.98.175
SEP88908D691017,10.18.98.126
SEP547C69D785FB,10.18.98.155
SEP547C69D7A6DD,10.13.117.38
SEP547C69D7A7FE,10.13.116.56
SEP547C69D7A7B2,10.13.117.41
SEP204C9EB28228,10.13.117.39
SEP547C69D7A7F7,10.13.117.32
SEP547C69D7674E,10.18.98.130
SEPC47295A9C44D,10.18.99.74
SEP547C69D77711,10.18.99.13
SEP547C69D76264,10.18.99.0
SEP547C69D77703,10.18.98.142
SEP547C69D7A7D1,10.13.117.245
SEPC47295A9C452,10.13.117.23
SEPC47295A9C3E2,10.13.117.13
SEPC47295A9C4E9,10.13.117.20
SEPC47295A9C499,10.13.117.40
SEP204C9EB2830D,10.18.98.241
SEP547C69D787B1,10.13.117.33
SEPC47295A9C48A,10.18.98.202
SEP204C9EB282A2,10.18.98.140
SEP88908D69103B,10.18.99.54
SEP204C9EB2826E,10.18.98.117
SEP547C69D7AAC0,10.13.117.45
SEP204C9EB28215,10.13.116.63
SEP547C69D7A7E8,10.13.117.21
SEPC47295A9C84E,10.13.117.7
SEPC47295A9C49E,10.18.98.152
SEPC47295A9C8AB,10.18.98.109
SEPC47295A9C472,10.18.99.42
SEP204C9EB282E0,10.18.98.253
SEP547C69D75E4F,10.18.99.53
SEP009E1EDE4A1B,10.18.98.204
SEPC47295A9C4A6,10.18.98.248
SEP547C69D763F8,10.18.98.232
SEP94D469AE1EC9,10.18.98.222
SEP50F7222C2CA7,10.13.117.243
SEP204C9EB28380,10.13.116.58
SEP6CFA89036874,10.10.202.61
SEP6CFA89036778,10.10.202.160
SEP6CFA890392D2,10.10.202.100
SEP6CFA890369C9,10.10.202.110
SEP6CFA890391F6,10.111.227.153
SEP6CFA890392A0,10.111.227.20
SEP701F534C8156,10.111.227.186
SEP6CFA8903646D,10.10.202.232
SEP1CE85D074FC0,10.10.202.105
SEPC80084ABF0F2,10.10.5.229
SEP6CFA890392E2,10.10.5.238
SEP6CFA89039253,10.111.227.7
SEP6CFA8903680A,10.10.5.237
SEP88908D68EADF,10.10.5.251
SEP6CFA89036551,10.10.5.248
SEP00E16DBBCC7E,10.10.5.218
SEP6CFA89039286,10.10.5.252
SEP6CFA890392AE,10.10.5.240
SEP6CFA89036427,10.10.202.249
SEP6CFA8903654E,10.10.202.202
SEP6CFA8903915B,10.10.202.141
SEP6CFA890367F9,10.10.5.226
SEP00E16DBBCCA8,10.111.227.246
SEP00E16DBBBEBE,10.111.227.212
SEP00E16DBBF8B8,10.111.227.118
SEP701F5386BE90,10.10.202.230
SEP6CFA89039151,10.111.226.228
SEP6CFA890364C0,10.10.202.23
SEP88908D686270,10.111.227.225
SEP6CFA89039246,10.111.227.172
SEP6CFA89039279,10.10.5.236
SEP6CFA890364BE,10.10.5.253
SEP6CFA890367F1,10.10.202.153
SEP6CFA890391B9,10.10.202.136
SEP00E16DBBFAE2,10.10.202.193
SEP6CFA89038DCD,10.10.5.250
SEP6CFA8903858D,10.10.202.236
SEP00E16DBBCC6C,10.10.202.20
SEP00E16DBBCD61,10.111.226.211
SEP6CFA890392B3,10.10.202.68
SEP6CFA8903643C,10.10.202.174
SEP6CFA890364C6,10.10.5.235
SEP6CFA8903929B,10.10.202.69
SEP6CFA8903927E,10.10.202.227
SEP6CFA89039147,10.10.202.27
SEP6CFA8903915D,10.10.202.176
SEP6CFA8903645F,10.10.5.227
SEP6CFA8903913C,10.10.5.242
SEP6CFA8903657E,10.10.202.82
SEP6CFA89039235,10.10.202.91
SEP1CE85D075D35,10.111.227.116
SEP6CFA890392A5,10.10.5.234
SEP6CFA89036524,10.10.202.107
SEP6CFA890392FB,10.10.5.254
SEP6CFA8903677A,10.10.202.19
SEP6CFA8903648C,10.10.202.112
SEP6CFA890391E6,10.10.202.219
SEP6CFA890365A7,10.10.5.245
SEP6CFA8903923D,10.111.226.229
SEP6CFA89036A66,10.10.5.246
SEP6CFA89036B7B,10.10.5.217
SEP6CFA890391C0,10.10.5.231
SEP6CFA8903857A,10.10.5.233
SEP6CFA89036784,10.10.5.239
SEP6CFA89039260,10.10.5.224
SEP6CFA890392B1,10.10.202.224
SEP701F53874A3A,10.10.202.216
SEP000832C67047,10.10.202.28
SEP6CFA89039152,10.10.202.207
SEP1CE85D074FFD,10.10.202.128
SEP6CFA890367CA,10.10.202.204
SEP00E16DBBCC74,10.10.202.63
SEP6CFA89039248,10.10.202.71
SEP6CFA8903646C,10.10.202.102
SEP6CFA89036A3C,10.10.202.132
SEP6CFA890367ED,10.10.202.195
SEP6CFA8903929C,10.10.5.232
SEP6CFA89038DB6,10.10.202.50
SEP6CFA89039208,10.111.227.84
SEP6CFA89038DA4,10.10.202.46
SEP6CFA890367DE,10.10.202.138
SEP6CFA89036864,10.10.5.249
SEP6CFA890392C6,10.10.5.247
SEP6CFA890392AC,10.10.202.89
SEP6CFA890367C7,10.10.202.231
SEP6CFA89036534,10.10.202.44
SEP6CFA89036490,10.10.202.140
SEP6CFA890367F6,10.10.202.70
SEP6CFA890367E7,10.10.202.180
SEP6CFA890367EB,10.10.202.18
SEP6CFA8903853E,10.10.202.24
SEP6CFA89039181,10.10.202.185
SEP6CFA89036883,10.10.202.101
SEP6CFA89036468,10.10.202.238
SEP701F53870BC7,10.10.5.243
SEP6CFA890367D2,10.10.202.34
SEP6CFA89038590,10.111.227.121
SEP6CFA89036807,10.10.202.66
SEP6CFA890369F7,10.10.202.95
SEP6CFA89036781,10.10.202.198
SEP6CFA89038D03,10.10.202.129
SEP6CFA89036763,10.10.202.208
SEP6CFA89039217,10.10.202.139
SEP00E16DBBCE75,10.10.202.196
SEP6CFA89036853,10.10.202.246
SEP6CFA890364F0,10.10.202.226
SEP6CFA8903650B,10.10.202.47
SEP6CFA890369C8,10.10.202.150
SEP6CFA890392C9,10.10.202.31
SEP6CFA8903916B,10.10.202.78
SEP6CFA890391AD,10.10.202.90
SEP6CFA89039182,10.10.202.134
SEP6CFA89036515,10.10.202.43
SEP6CFA890391A4,10.10.202.142
SEP6CFA890367EA,10.10.202.137
SEP6CFA890369F6,10.10.202.41
SEP6CFA8902DE28,10.10.202.200
SEP6CFA890391C8,10.10.202.156
SEP6CFA89039288,10.10.202.161
SEP6CFA890391D4,10.10.202.247
SEP6CFA8903919C,10.10.202.222
SEP6CFA890366DC,10.10.202.154
SEP88908D68E9C3,10.10.202.228
SEP6CFA890391BD,10.10.202.81
SEP6CFA89039156,10.10.202.45
SEP6CFA89038592,10.111.227.127
SEP6CFA89039263,10.10.202.240
SEP000832C67347,10.10.202.189
SEP6899CD855420,10.10.202.79
SEP544A0036541E,10.10.121.194
SEP1CE85D07A144,10.13.16.96
SEP9C57ADB91AC8,10.17.22.55
SEPDCCEC1D5258A,10.17.23.154
SEP0057D2D002FB,10.150.28.76
SEP701F5386D05C,10.18.235.230
SEP005F8690FC20,10.18.235.254
SEP70F35AD22778,10.11.203.176
SEP547C69D7AA0C,10.201.18.59
SEPF0B2E579E537,10.8.154.59
SEP70F35AD22A8F,10.8.154.58
SEP88908D6900C6,10.8.155.84
SEP38ED18547346,10.8.154.63
SEP9C57ADB91A89,10.8.155.37
SEP74860B8F39B3,10.8.154.57
SEP007686EC53DB,10.8.155.133
SEPC47295A9C89A,10.18.99.17
SEP0016C77CA610,10.8.155.158
SEPA456304179E3,10.11.201.47
SEPE804621386C9,10.10.169.82
SEP0021A02BAC10,10.8.155.74
SEP001E4AF3A9C0,10.8.151.45
SEP0021A0D86F5D,10.8.155.214
SEP001E4AF2827E,10.8.155.237
SEP001BD512E7EB,10.7.235.82
SEP001BD512E6CB,10.7.235.32
SEP001BD512E882,10.7.235.110
SEP001BD512E73F,10.7.235.38
SEPFCFBFB10F2E7,10.8.155.248
SEPE80462EB5D83,10.10.174.176
SEPFCFBFB10BD7A,10.11.170.138
SEP001BD512EB67,10.7.235.71
SEP001BD512EC40,10.7.235.109
SEP001BD512E87E,10.7.235.34
SEP001BD512E698,10.7.235.35
SEP001BD512E7D4,10.7.235.51
SEP001BD512E6E6,10.7.235.29
SEP001BD512E807,10.7.235.80
SEP00170E011751,10.8.155.40
SEP0016C8FFB295,10.8.155.175
SEP0016C8FFAED6,10.8.155.202
SEP0016C898AA97,10.8.155.47
SEP0016C8FFA70D,10.8.155.140
SEP0016C8FFAACD,10.8.155.136
SEP0016C8FFB2BF,10.8.155.153
SEP0016C8AC1F54,10.8.155.43
SEP0016C8FFB424,10.8.155.45
SEP00170E011880,10.8.155.11
SEP0016C8FFA791,10.8.155.209
SEP0016C8FFB3AB,10.8.155.233
SEP0016C8FFADCB,10.8.155.108
SEP0016C8FFA58F,10.8.155.109
SEP0016C8FFAE41,10.8.155.141
SEP0016C8FFB24C,10.8.155.207
SEP0016C8FFAE0F,10.8.155.98
SEP0016C8FFB23E,10.8.155.235
SEP0016C8FFA668,10.8.155.105
SEP0016C8FFB067,10.8.155.234
SEP0016C8FFAF1D,10.8.155.79
SEP0016C8FFB54A,10.8.155.190
SEP0016C8FFA84F,10.8.155.183
SEP0016C8FFB44F,10.8.155.144
SEP0016C8FFA681,10.8.155.20
SEP0016C8FFB028,10.8.155.212
SEP0016C8FFB493,10.8.155.238
SEP0016C8FFB553,10.8.155.42
SEP0016C8FFB0FF,10.8.155.14
SEP0016C8FFA7CA,10.8.154.130
SEP00170E011AAE,10.8.155.81
SEP0016C8FFAF10,10.8.155.146
SEP0016C8AC2059,10.8.155.172
SEP0016C8AC15FB,10.8.155.129
SEP0016C8FFAD26,10.8.155.46
SEP00170E011B12,10.8.155.223
SEP0016C8FFB10A,10.8.155.147
SEP0016C8FFB004,10.8.155.216
SEP0016C7A0DE7F,10.8.155.198
SEP0016C8FFAE4D,10.8.155.195
SEP0016C8FFACAE,10.8.155.34
SEP0016C8FFB25E,10.8.155.174
SEP0016C8FFB191,10.8.155.199
SEP0016C8FFA5B6,10.8.155.130
SEP0016C8FFB192,10.8.155.217
SEP0016C8FFB45E,10.8.155.89
SEP0016C8FFAF27,10.8.155.194
SEP0016C8FFAFCD,10.8.155.91
SEP00170E01194B,10.8.155.29
SEP0016C8FFA5C2,10.8.155.218
SEP0016C8FFB3A7,10.8.155.156
SEP0016C8AC20F0,10.8.155.9
SEP00170E011731,10.8.155.135
SEP0016C8AC1CF6,10.8.155.21
SEP0016C8FFABE7,10.8.155.154
SEP0016C8FFA93E,10.8.155.10
SEP0016C8FFB1B3,10.8.155.142
SEP0016C8AC2102,10.8.155.143
SEP00170E0118B8,10.8.155.41
SEP00170E0116FC,10.8.155.150
SEP0016C8FFB149,10.8.155.149
SEP0016C8FFA664,10.8.155.17
SEP0016C8FFB3CD,10.8.155.189
SEP0016C8FFAECA,10.8.155.161
SEP0016C8AC20EA,10.8.155.128
SEP0016C8FD9F08,10.8.155.19
SEP0016C8FFAEA7,10.8.155.152
SEP0016C8AC2078,10.8.155.1
SEP0016C8AC27E5,10.8.155.132
SEP0016C8AC2105,10.8.155.13
SEP0016C8FFB2D4,10.8.155.137
SEP0016C8FFAD23,10.8.155.23
SEP0016C8FFB315,10.8.155.222
SEP0016C8FFAF80,10.8.155.35
SEP0016C8FFA6D8,10.8.155.170
SEP0016C8FFB0DA,10.8.155.145
SEP00170E011881,10.8.155.44
SEP0016C8AC2014,10.8.155.12
SEP0016C8FFB1C6,10.8.155.16
SEP0016C8AC221D,10.8.155.148
SEP0016C8FFA640,10.8.155.219
SEP0016C8AC20EC,10.8.155.18
SEP0016C8FFA5BB,10.8.155.151
SEP0016C8AC204D,10.8.155.26
SEP0016C8AC2072,10.8.155.192
SEP0016C8AC20D5,10.8.155.134
SEP0016C8FFB543,10.8.155.27
SEP0016C8FFAE5E,10.8.155.57
SEP0016C8FFA749,10.8.155.82
SEP0016C8FFB2C4,10.8.155.99
SEP002584616CE5,10.8.147.63
SEP001F6C7A431E,10.8.147.145
SEP0021A0B3C13A,10.8.147.157
SEP58AC788D23EB,10.111.220.224
SEP7426AC6566FD,10.10.243.145
SEP7426AC65CFEE,10.8.147.144
SEP44D3CA7B33EA,10.8.147.58
SEP7426AC65AC6C,10.11.207.159
SEP58AC788D5B4D,10.9.147.239
SEP78DA6EF67E8E,10.111.220.247
SEP78DA6EF62410,10.111.220.228
SEP78DA6EF64463,10.111.220.244
SEP78DA6EF60468,10.111.220.55
SEP78DA6EF60C04,10.111.220.254
SEP78DA6EF65849,10.111.220.220
SEP44D3CA7B4FD3,10.111.220.214
SEP78DA6EF65363,10.111.220.183
SEP78DA6EF60833,10.111.220.210
SEP78DA6EF62557,10.111.220.242
SEP78DA6EF672D4,10.111.220.241
SEP78DA6EF684CF,10.111.220.239
SEP78DA6EF684B2,10.111.220.206
SEP78DA6EF67D16,10.111.220.201
SEP78DA6EF61383,10.111.220.185
SEP78DA6EF665B4,10.111.220.229
SEP78DA6EF67AB0,10.111.220.188
SEP78DA6EF669F5,10.111.220.212
SEP78DA6EF603AC,10.111.220.189
SEP78DA6EF6205F,10.111.220.234
SEP78DA6EF61251,10.111.220.211
SEP78DA6EF61A28,10.111.220.240
SEP78DA6EF616EC,10.111.220.246
SEP78DA6EF6710B,10.111.220.231
SEP78DA6EF6731B,10.111.220.213
SEP78DA6EF611AF,10.111.220.207
SEP78DA6EF66AD9,10.111.220.237
SEP78DA6EF672F5,10.111.220.178
SEP78DA6EF635AD,10.111.220.193
SEP78DA6EF68489,10.111.220.251
SEP78DA6EF65528,10.111.220.187
SEP78DA6EF61C02,10.111.220.243
SEP78DA6EF647C4,10.111.220.225
SEP78DA6EF65DFE,10.111.220.184
SEP78DA6EF6874E,10.111.220.232
SEP78DA6EF67B0C,10.111.220.222
SEP78DA6EF606A4,10.111.220.179
SEP78DA6EF6492A,10.111.220.253
SEP78DA6EF6383D,10.111.220.233
SEP78DA6EF65676,10.111.220.196
SEP78DA6EF6344B,10.111.220.226
SEP78DA6EF61CDA,10.111.220.217
SEP78DA6EF66B00,10.111.220.202
SEP78DA6EF64DB0,10.111.220.208
SEP78DA6EF6738A,10.111.220.236
SEP78DA6EF63398,10.111.220.245
SEP78DA6EF6064A,10.111.220.204
SEP78DA6EF60345,10.111.220.252
SEP78DA6EF64E44,10.111.220.203
SEP78DA6EF640B3,10.111.220.190
SEP78DA6EF652E5,10.111.220.200
SEP78DA6EF65759,10.111.220.215
SEP78DA6EF67B4C,10.111.220.249
SEP78DA6EF667FA,10.111.220.219
SEP78DA6EF62B90,10.111.220.221
SEP78DA6EF6756F,10.111.220.182
SEP78DA6EF6031A,10.111.220.216
SEP78DA6EF6315D,10.111.220.65
SEP78DA6EF6409B,10.111.220.248
SEP78DA6EF6558B,10.111.220.235
SEP7426AC6602F1,10.18.104.111
SEP7426AC6608F4,10.18.104.109
SEPF4CFE2AAE8CD,10.18.104.107
SEP7426AC660D31,10.18.104.144
SEP7426AC65750C,10.18.104.100
SEP7426AC657A8F,10.18.104.157
SEP7426AC658EAC,10.18.104.145
SEP7CAD74427ED4,10.13.20.141
SEP10F311B640D7,10.13.20.138
SEP10F311B68A61,10.13.20.21
SEP7CAD74425FB0,10.13.20.29
SEP10F311B68A01,10.13.20.23
SEPE00EDA74A4EE,10.13.20.28
SEP7426AC63BDB8,10.13.20.144
SEP7426AC630ADA,10.13.20.147
SEP7426AC63B5AA,10.13.20.26
SEP7426AC6308D3,10.13.20.148
SEPE02F6D63F512,10.13.20.145
SEP00269946A081,10.13.20.24
SEPE00EDA74A75D,10.13.20.151
SEP7CAD7442889B,10.13.20.27
SEP7CAD7442ADB7,10.13.20.143
SEP10F311B61550,10.13.20.22
SEP7CAD744254FE,10.13.20.146
SEP58AC788D6658,10.13.20.149
SEPE00EDA74F3BE,10.11.207.245
SEP10F311B66A6C,10.17.26.20
SEP6400F179AD7A,10.8.147.62
SEP78DA6EF670A4,10.111.220.197
SEP78DA6EF66969,10.111.220.223
SEP78DA6EF60526,10.111.220.230
SEP00E075F3CC6C,10.111.227.164
SEP0004F2EE1BBF,10.11.123.247
SEP0004F2F2F511,10.11.202.75
SEP0004F2F0F342,10.11.203.217
SEP0004F2EB433F,10.12.25.230
SEP0004F2F70361,10.13.18.105
SEP0004F2F702C3,10.13.16.90
SEP0004F2F2F7B9,10.17.23.64
SEP00164697A218,10.8.155.186
SEP001956AF4926,10.8.155.187
SEP001646806522,10.8.155.188
SEP001201E8672F,10.8.155.180
SEP001563EF4632,10.8.154.241
SEP001646ACDE8B,10.8.155.213
SEP001646ACDEAD,10.8.154.215
SEP001646ACD815,10.8.154.251
SEP001646A899C7,10.8.155.85
SEP001646ACD615,10.8.155.228
SEP001646A8A0F6,10.8.155.232
SEP001646ACDED6,10.8.155.106
SEP001120CC5DE0,10.8.155.221
SEP001646ACDA60,10.8.155.230
SEP001646ACDF16,10.8.155.177
SEP001646A89911,10.8.155.78
SEP001646ACDF2D,10.8.155.15
SEP001646ACDBAC,10.8.155.203
SEP001646A89A8B,10.8.155.168
SEP001646A89E88,10.8.154.242
SEP00164680658D,10.8.155.227
SEP00164682A43B,10.8.154.212
SEP001646ACD7CE,10.8.155.157
SEP001646ACDD28,10.8.154.229
SEP0015C6DD3A4E,10.8.155.8
SEP001646ACDE84,10.8.155.196
SEP001646A89FC0,10.8.154.253
SEP001646806584,10.8.155.205
SEP001646ACDF81,10.8.155.249
SEP001646ACD856,10.8.155.88
SEP001646ACDBB4,10.8.155.61
SEP001646A898F2,10.8.155.71
SEP001646A8A024,10.8.154.233
SEP00164682A40E,10.8.155.4
SEP00164697A9BF,10.8.154.243
SEP001646ACDBB2,10.8.155.155
SEP001646A89A8C,10.8.155.173
SEP001646ACDEB3,10.8.155.211
SEP001646ACD72C,10.8.155.60
SEP001646ACDBAE,10.8.155.160
SEP001646A89AEB,10.8.155.54
SEP0016469B66DD,10.8.155.64
SEP001646A89A30,10.8.155.56
SEP001646A89AA2,10.8.155.53
SEP001646A8A297,10.8.155.51
SEP001646A8A264,10.8.155.197
SEP001646A8A272,10.8.155.55
SEP001646ACDED8,10.8.155.52
SEP001646ACDF28,10.8.155.25
SEP001E136C5250,10.8.155.204
SEP001BD432BB98,10.7.235.90
SEP001BD433090B,10.7.235.100
SEP001BD40C3AA9,10.7.235.39
SEP001BD43308D8,10.7.235.103
SEP001BD4330D4D,10.7.235.107
SEP001BD40BE2CF,10.7.235.106
SEP0021A0851663,10.7.235.76
SEP001955E75A1C,10.7.235.108
SEP2893FE132096,10.8.155.67
SEP0019305DBFE5,10.17.22.83
SEP001BD40C09E8,10.7.235.65
SEP0021A085842E,10.10.123.73
SEP001AA29F86DA,10.48.0.48
SEP001AA29F86F6,10.48.0.148
SEP001E4A0BD238,10.48.0.98
SEP34DBFDCDBB8A,10.111.226.253
SEP34DBFDCDC2DC,10.111.227.32
SEP7C95F3C8BF85,10.111.227.193
SEP64E9502FB70B,10.14.23.175
SEP887556515F9C,10.18.233.26
SEPD0C789D7387A,10.18.235.246
SEPD0C789D78334,10.18.233.27
SEP1CAA07E21619,10.8.155.244
SEP08173515D5BC,10.8.155.201
SEP08173515D5FB,10.8.155.33
SEP08173515D478,10.8.155.182
SEPF47F353D4B98,10.8.155.169
SEPD0C789D73234,10.8.155.247
SEPD0C28243DFF1,10.8.155.206
SEP5C501544423E,10.8.155.101
SEPD4D748410742,10.8.155.119
SEP64D814A550B5,10.18.234.136
SEP081735D45399,10.11.201.57
SEPE840400D7475,10.20.137.244
SEPA45630BA907E,10.7.235.99
SEP08173515C9BD,10.7.235.33
SEP00E16D14FB30,10.7.235.96
SEP203A07FDABB8,10.7.235.8
SEP34BDC8C79C16,10.7.235.98
SEP081735D4542C,10.7.235.54
SEP08CC683194BF,10.18.233.29
SEPF0292958151B,10.18.235.244
SEP34DBFDCDECF4,10.8.155.97
SEPF0292958067C,10.8.155.250
SEPE840400CE0B2,10.8.154.199
SEP203A07FD364E,10.8.155.117
SEP54781A1C4C55,10.8.154.217
SEP7C95F3C87150,10.8.155.242
SEP7C95F322A965,10.8.155.125
SEP34BDC8C79B48,10.8.155.163
SEP34BDC8C79B5C,10.8.155.252
SEP34BDC8C76D45,10.8.155.254
SEP34BDC8C7AD84,10.8.155.181
SEP34BDC8C79C6D,10.8.155.116
SEP34BDC8C76202,10.8.154.210
SEP34BDC8C7AD8C,10.8.155.120
SEPD0C789D77908,10.8.155.178
SEP8875565039EB,10.8.155.208
SEP5C501545F2AD,10.8.155.246
SEP64D989C20D87,10.8.155.240
SEP8CB64FF6F37B,10.8.155.245
SEP34BDC8C7A4BA,10.8.155.225
SEPA0CF5B81A24F,10.8.155.243
SEP64AE0C5E37E8,10.8.155.124
SEPD4D748FF61A9,10.8.155.103
SEPD0C789D7FBEB,10.8.155.126
SEP7C95F3C93913,10.10.233.31
SEP08173515286C,51.0.2.38
SEPF84F5794AA0D,10.13.16.39
SEPF84F5794A72C,10.13.16.55
SEPF84F5794BF92,10.13.16.42
SEPF84F5794C04A,10.13.18.50
SEPF84F5794C0EC,10.13.18.60
SEPF84F5794DFF2,10.13.17.247
SEPF84F5795084D,10.13.16.93
SEPF84F579507E9,10.13.18.62
SEPF84F5794BE28,10.13.16.109
SEPECE1A985DE40,10.13.16.50
SEPF84F5794A9F7,10.13.18.80
SEPF84F5794ADAA,10.13.18.64
SEPF84F5794DFDC,10.13.16.61
SEPF84F5794E153,10.13.16.56
SEPF84F5794E166,10.13.16.57
SEPF84F5794E254,10.13.18.59
SEPF84F5794E38C,10.13.18.45
SEPECE1A985DF60,10.13.16.45
SEPF84F5794A7E0,10.13.16.46
SEPF84F579445A3,10.13.18.97
SEPF84F5794DEB5,10.13.16.94
SEPF84F5794C119,10.13.16.64
SEPF84F5794E46A,10.13.18.66
SEPF84F5794E606,10.13.18.81
SEPF84F5794E669,10.13.18.33
SEPF84F57950686,10.13.16.120
SEPECE1A985C18B,10.13.16.44
SEPF84F579421D0,10.13.16.74
SEPF84F579421D1,10.13.16.95
SEPF84F579445B7,10.13.16.36
SEPF84F5794DF89,10.13.18.141
SEPF84F5794DF9C,10.13.16.35
SEPF84F5794E2E6,10.13.18.44
SEPF84F5794AB46,10.13.18.127
SEPF84F5794ACA1,10.13.18.144
SEPF84F5794ACEB,10.13.18.26
SEPF84F5794ADA9,10.13.16.48
SEPF84F5794ADDA,10.13.16.47
SEPF84F5794AFAD,10.13.18.125
SEPF84F5794E61E,10.13.16.29
SEPF84F57950775,10.13.18.28
SEPF84F5794AB49,10.13.18.30
SEPF84F5794B02E,10.13.18.27
SEPF84F5794B86B,10.13.16.43
SEPF84F5794C115,10.13.16.69
SEPF84F5794B0DA,10.13.17.206
SEPF84F5794B149,10.13.17.251
SEPF84F5794DEE6,10.13.16.38
SEPF84F5794E16D,10.13.18.32
SEPF84F5794E294,10.13.16.32
SEPF84F57950785,10.13.18.36
SEPF84F5795081E,10.13.18.38
SEPF84F57950937,10.13.18.40
SEPECE1A985C157,10.13.16.41
SEPF84F5794AEFE,10.13.18.39
SEPF84F5794B05A,10.13.16.40
SEPF84F5794DE2C,10.13.18.41
SEPF84F5794B1F5,10.13.18.42
SEPF84F579423B6,10.13.18.43
SEPF84F579421D2,10.13.18.35
SEPF84F579421D8,10.13.16.84
SEPF84F5794A9DE,10.13.16.52
SEPF84F5794B123,10.13.18.55
SEPF84F5794A9E8,10.13.18.54
SEPF84F5794DFD7,10.13.16.81
SEPF84F57943AD8,10.13.18.88
SEPF84F5794E240,10.13.18.89
SEPF84F5794E232,10.13.18.58
SEPF84F57942CA4,10.13.16.67
SEPF84F5794E64E,10.13.18.63
SEPF84F5794AF4F,10.13.16.62
SEPF84F5794E03D,10.13.18.67
SEPF84F5794BEDC,10.13.16.70
SEPF84F5794E227,10.13.18.49
SEPF84F5794B01A,10.13.18.51
SEPF84F5794C0D5,10.13.18.53
SEPF84F5794A88E,10.13.16.51
SEPF84F5794E231,10.13.17.254
SEPF84F5794BAA7,10.13.18.52
SEPF84F5794BF96,10.13.16.88
SEPF84F5794BCC0,10.13.16.80
SEPF84F5794C047,10.13.16.82
SEPF84F5794C094,10.13.18.61
SEPF84F5794DE9E,10.13.16.83
SEPF84F5794C0E8,10.13.16.126
SEPF84F57950857,10.13.18.34
SEPECE1A985DF19,10.13.18.47
SEPECE1A985DF8D,10.13.16.31
SEPF84F5794DFF5,10.13.16.125
SEPF84F5794E150,10.13.18.85
SEPF84F5794E098,10.13.16.78
SEPF84F5794E24B,10.13.18.82
SEP7C95F323000E,10.13.18.107
SEPF84F57950778,10.13.18.106
SEPECE1A984FC4B,10.13.18.111
SEPECE1A985DE42,10.13.18.121
SEPF84F5794AFB2,10.13.18.72
SEPECE1A985DE3C,10.13.16.86
SEPF84F5794E16A,10.13.18.143
SEPF84F5794E642,10.13.18.78
SEPF84F5794E679,10.13.16.72
SEPF84F5794A86C,10.13.18.77
SEPF84F5794AA12,10.13.18.113
SEPF84F5794B1B8,10.13.16.28
SEPF84F5794BBCD,10.13.16.116
SEPF84F5794BF67,10.13.16.37
SEPF84F5794E282,10.13.16.106
SEPF84F5794E673,10.13.18.147
SEPF84F57950803,10.13.18.123
SEPECE1A985DF93,10.13.16.76
SEPF84F5794AB61,10.13.18.126
SEPF84F5794C0DD,10.13.16.27
SEPF84F5794DFD1,10.13.18.137
SEPF84F5794E28E,10.13.18.100
SEPF84F5794DEE7,10.13.18.69
SEPF84F5794E616,10.13.18.148
SEPF84F5794AEAD,10.13.16.65
SEPF84F5794DE73,10.13.18.138
SEPF84F5794E61C,10.13.18.101
SEPF84F5794DF59,10.13.16.66
SEPF84F5794DF93,10.13.18.142
SEPF84F5794DF99,10.13.18.29
SEPF84F5794E2D9,10.13.17.253
SEPECE1A9858370,10.13.18.31
SEPECE1A985DEE5,10.13.18.139
SEPF84F5794AB42,10.13.16.60
SEPF84F5794AE8C,10.13.18.124
SEPF84F5794DD83,10.13.16.49
SEPF84F5794DEB2,10.13.16.58
SEPF84F5794DF96,10.13.18.46
SEP203A0722AC20,10.17.22.146
SEP203A0722CBF9,10.17.22.111
SEP203A0722A877,10.17.22.112
SEP88755651A0DC,10.17.22.223
SEP203A0722A9ED,10.17.22.129
SEP203A0722A71D,10.17.22.122
SEP203A0722AB94,10.17.23.49
SEP203A0722CAB8,10.17.22.77
SEP88755651A096,10.17.22.107
SEP34BDC8C789D1,10.17.22.58
SEP203A0722C626,10.17.22.84
SEP203A0722A966,10.17.22.158
SEP203A0722CB54,10.17.22.182
SEP203A072244F3,10.17.23.197
SEP203A0722CF23,10.17.22.207
SEP203A0722A72B,10.17.23.244
SEP203A0722AA7A,10.17.22.140
SEP203A0722CF98,10.17.23.158
SEP203A0722A949,10.17.22.92
SEP203A0722C026,10.17.23.78
SEP203A0722AAFC,10.17.23.130
SEP203A0722CBF8,10.17.23.219
SEP203A0722CC7B,10.17.22.95
SEP203A0722CBF3,10.17.22.109
SEP203A0722A96E,10.17.22.132
SEP203A0722A97E,10.17.23.133
SEP203A0722A55F,10.17.22.191
SEP203A0722CAF3,10.17.22.115
SEP203A0722A879,10.17.22.152
SEP203A0722A871,10.17.22.130
SEP203A07229960,10.17.23.223
SEP08CC68E9928D,10.18.233.6
SEP081735D45C05,10.14.55.250
SEP081735D4015B,10.13.18.79
SEPB4E9B08C6080,10.125.13.243
SEPF029295923A6,10.125.13.225
SEPDC7B9477393E,10.125.13.242
SEPF029295899C5,10.125.13.252
SEPB4E9B08CB766,10.125.13.235
SEPF0292958995C,10.125.13.232
SEPB4E9B08C7A99,10.125.13.229
SEPB4E9B08C61D7,10.125.13.248
SEPF02929580DD4,10.125.13.221
SEPF02929E24F39,10.125.13.238
SEPF41FC26736E4,10.125.13.223
SEPF41FC266F3B6,10.125.13.241
SEP08173515D5F4,10.125.13.222
SEP64D814A451C2,10.125.13.230
SEP00083031FFFC,10.125.13.234
SEP08CC68319706,10.125.13.220
SEP189C5DB736E5,10.125.13.249
SEP189C5DB735F1,10.125.13.224
SEPF02929E2B130,10.125.13.228
SEP189C5DB60EEC,10.125.13.250
SEPF41FC266683F,10.125.13.33
SEPB4E9B08C598C,10.125.13.246
SEPB4E9B08C806E,10.125.13.226
SEPD0C789D7EE52,10.125.13.253
SEP20BBC0933FC8,10.125.13.233
SEP203A07FD3849,10.125.13.240
SEPF47F353DDC96,10.125.13.245
SEPF02929E21335,10.125.13.231
SEP5CFC665DFC6C,10.125.13.227
SEP689CE2E76A18,10.125.13.247
SEP689CE2E77218,10.125.13.52
SEP689CE2E76AE6,10.125.13.237
SEP689CE2E777D2,10.125.13.244
SEP689CE2E76EA1,10.125.13.236
SEP38ED18E942AB,10.125.13.251
SEP203A0722BEC8,10.17.22.49
SEP203A0722AA98,10.17.22.51
SEP203A0722CD6B,10.17.22.134
SEP203A0722AB3E,10.17.22.68
SEP203A0722AAAB,10.17.22.124
SEP88755650CC09,10.17.22.97
SEP203A0722A9B8,10.17.23.149
SEP34BDC8C789C8,10.17.22.56
SEP203A0722CB26,10.17.22.169
SEP203A0722CAD5,10.17.22.216
SEP203A0722ABA1,10.17.22.181
SEP203A0722C772,10.17.22.161
SEP203A0722AA75,10.17.22.110
SEP203A0722CC35,10.17.22.82
SEP203A0722AAF7,10.17.22.94
SEP203A0722A9DE,10.17.23.222
SEP203A0722AAE3,10.17.22.117
SEP203A0722A70D,10.17.22.174
SEP203A0722A9AA,10.17.22.48
SEP203A0722AAFD,10.17.23.199
SEP203A0722AB7C,10.17.23.92
SEP203A0722A97B,10.17.22.101
SEP203A0722CBA0,10.17.23.195
SEP203A0722A958,10.17.22.71
SEP203A0722AC11,10.17.22.155
SEP203A0722A9E5,10.17.22.104
SEP203A0722A914,10.17.22.81
SEP203A0722A9DC,10.17.23.147
SEP203A0722A9D4,10.17.23.77
SEP203A0722AB88,10.17.22.29
SEP203A0722BD89,10.17.22.60
SEP203A0722A7F1,10.17.22.221
SEP203A0722C6A7,10.17.22.154
SEP203A0722AAEF,10.17.23.216
SEP203A0722AAFE,10.17.22.73
SEP203A0722CED8,10.17.22.72
SEP203A0722A823,10.17.22.150
SEP203A0722A842,10.17.22.126
SEP203A0722A844,10.17.22.57
SEP203A0722C45F,10.17.22.166
SEP203A0722CAE9,10.17.22.198
SEP203A0722A91F,10.17.22.61
SEP203A0722CBF7,10.17.22.192
SEP203A0722AB36,10.17.23.207
SEP203A0722CB2B,10.17.23.200
SEP203A0722A9BB,10.17.22.90
SEP203A0722CCB5,10.17.22.127
SEP203A0722A732,10.17.22.113
SEP203A0722A98A,10.17.23.48
SEP203A0722AA76,10.17.23.134
SEP203A0722CB5E,10.17.22.218
SEP203A0722CB19,10.17.23.184
SEP203A07224442,10.17.22.54
SEP203A0722CF74,10.17.22.86
SEP203A07228E5C,10.17.22.108
SEP203A07228F80,10.17.22.143
SEP203A0722A978,10.17.22.52
SEP203A0722CA86,10.17.22.162
SEP203A0722BB68,10.17.22.184
SEP203A0722CC91,10.17.22.76
SEP203A0722CC03,10.17.23.142
SEP203A0722C3C6,10.17.23.43
SEP203A0722C8AA,10.17.22.85
SEP203A0722A740,10.17.22.120
SEP203A0722AA3B,10.17.23.194
SEP203A0722A983,10.17.23.166
SEP88755650BBBA,10.17.22.105
SEP203A0722AB9D,10.17.23.144
SEP203A0722A4D8,10.17.22.203
SEP203A0722CC50,10.17.23.139
SEP203A0722CC93,10.17.22.153
SEP203A0722A78D,10.17.23.182
SEP203A0722CAF2,10.17.23.176
SEP203A0722A923,10.17.23.203
SEP203A0722C2E8,10.17.23.171
SEP203A0722AA2A,10.17.22.135
SEP203A0722CAE6,10.17.22.199
SEP203A0722CC04,10.17.22.195
SEP203A0722A95A,10.17.22.180
SEP203A0722CC10,10.17.22.160
SEP203A0722CAF9,10.17.23.177
SEP203A0722A92E,10.17.22.137
SEP203A0722AB1A,10.17.22.175
SEP203A0722AB30,10.17.22.119
SEP203A07228FF4,10.17.22.200
SEP203A0723495B,10.17.22.183
SEP203A0722CC96,10.17.23.217
SEP203A0722AA40,10.17.22.202
SEP203A0722AB4E,10.17.23.159
SEP203A0722A7CA,10.17.22.167
SEP203A0722A8C0,10.17.23.183
SEP203A0722AB34,10.17.22.149
SEP203A07224490,10.17.22.125
SEP203A0722AA9B,10.17.22.165
SEP203A0722AB98,10.17.23.175
SEP203A07237D2C,10.17.22.131
SEP203A0722A888,10.17.22.159
SEP203A0722AA79,10.17.22.136
SEP203A0722CAB4,10.17.22.179
SEP203A0722CB76,10.17.22.145
SEP203A0722CABD,10.17.23.202
SEP203A0722AA07,10.17.23.186
SEP203A0722AAA9,10.17.22.206
SEP203A0722BBFC,10.17.23.180
SEP203A0722A74E,10.17.23.152
SEP203A0722ABBF,10.17.23.191
SEP203A0722A854,10.17.23.187
SEP203A0722CB37,10.17.22.178
SEP203A0722AA43,10.17.22.138
SEP203A0722A927,10.17.22.176
SEP203A0722ABA6,10.17.22.171
SEP203A0722CF8E,10.17.23.148
SEP203A072294F4,10.17.22.186
SEP203A0722BBB0,10.17.23.168
SEP203A0722AB87,10.17.22.220
SEP203A0722CF73,10.17.23.181
SEP203A0722AA57,10.17.22.201
SEP203A0722CB3A,10.17.22.163
SEP203A0722A8AF,10.17.23.161
SEP203A0722BDAA,10.17.23.190
SEP203A0722CC3A,10.17.22.151
SEP203A0722AB2C,10.17.22.102
SEP203A0722AA10,10.17.22.156
SEP203A0722AA15,10.17.23.220
SEP203A0722BF4C,10.17.23.206
SEP203A0722CBA2,10.17.22.164
SEP203A0722AAF5,10.17.23.178
SEP203A0722AB1F,10.17.23.201
SEP203A0722AB66,10.17.23.150
SEP203A0722CB65,10.17.23.188
SEP203A0722CAC3,10.17.23.135
SEP203A0722CB2D,10.17.23.165
SEP203A0722CBA5,10.17.23.143
SEP203A0722AA5E,10.17.23.136
SEP203A0722AA86,10.17.23.189
SEP203A0722CC2A,10.17.22.196
SEP203A0722CBFF,10.17.23.157
SEP203A0722C583,10.17.22.98
SEP203A0722BD88,10.17.23.151
SEP203A0722CACB,10.17.22.205
SEP203A0722A4DA,10.17.22.194
SEP203A0722CB5B,10.17.23.185
SEP203A0722AB37,10.17.22.141
SEP203A0722A9AF,10.17.22.100
SEP203A0722CF99,10.17.22.204
SEP203A0722AB28,10.17.22.69
SEP203A0722AB92,10.17.22.121
SEP203A0722A7EC,10.17.23.117
SEP203A0722CC74,10.17.22.74
SEP203A0722CAD9,10.17.22.103
SEP203A0722BF5D,10.17.23.65
SEP203A0722CAB9,10.17.22.50
SEP203A0722CE22,10.17.22.173
SEP203A0722C52C,10.17.22.144
SEP8875565027AF,10.17.22.75
SEP44ADD9D4386E,10.7.41.75
SEPF47F35A3E660,10.10.169.177
SEP204C9ED795A1,10.11.201.4
SEP204C9ED741C7,10.11.201.60
SEP10BD18DD7DDC,10.11.201.13
SEP10BD18DC43DD,10.11.202.175
SEP10BD18DD984E,10.11.202.172
SEP10BD18DD7E3B,10.11.203.224
SEP10BD18DD7E18,10.14.6.231
SEP10BD18DC4394,10.11.201.28
SEP9C57ADF5DFB0,10.11.202.80
SEP10BD18DD7E3D,10.11.203.236
SEP10BD18DCDF4F,10.11.202.144
SEP10BD18DC4869,10.9.63.176
SEP10BD18DD9855,10.11.201.35
SEP10BD18005312,10.11.201.44
SEP10BD18DC4360,10.11.202.169
SEP10BD18DC43D3,10.48.11.50
SEP10BD180069CB,10.11.202.177
SEP188B4519B38F,10.11.201.33
SEP10BD18DD7E00,10.11.202.163
SEP10BD18005199,10.11.202.189
SEP10BD18DC44DC,10.11.202.161
SEP10BD18DD7E05,10.11.203.228
SEP10BD18DD7E87,10.11.202.114
SEP10BD18DC442F,10.11.201.32
SEP10BD18DD9A7F,10.11.202.157
SEP10BD18DC4539,10.11.202.187
SEP10BD18DC474D,10.11.203.254
SEP10BD18DD7FD0,10.11.202.116
SEP10BD18DD7ECC,10.11.202.158
SEP10BD18DD7F56,10.11.201.46
SEP10BD18DC428D,10.11.203.250
SEP10BD18DC4379,10.11.202.153
SEP10BD18DCDEEA,10.11.203.186
SEP84B517AFBB91,10.11.202.190
SEP10BD18DC440A,10.11.201.40
SEP10BD18DD7ED8,10.11.203.251
SEP10BD18DD7EBA,10.11.202.115
SEP10BD18DC4574,10.11.201.6
SEP10BD18DD97C1,10.11.201.43
SEP10BD18DD7E28,10.11.203.231
SEP10BD18DD9949,10.11.203.248
SEP10BD18DD99C2,10.11.202.118
SEP10BD18DD7FB5,10.11.202.184
SEP5CFC665C47D7,10.11.202.171
SEP10BD18DD7F4D,10.11.202.125
SEP10BD18DD97B7,10.11.201.75
SEP20BBC093C553,10.13.18.73
SEP189C5DB7AF55,10.13.16.99
SEP00E16D144A33,10.13.16.110
SEP3C5EC30DF2F8,10.13.18.99
SEP6CFA89942810,10.13.18.68
SEP00E16D14E760,10.13.16.89
SEP50060472A120,10.13.18.70
SEPBC16F5FAF42A,10.13.16.59
SEP50060472A054,10.13.18.37
SEP189C5DB79AEF,10.13.16.102
SEP50060472A097,10.13.16.75
SEP500604729E85,10.13.16.73
SEP20BBC093B6D1,10.13.17.252
SEPBC16F5FB1068,10.13.16.34
SEP20BBC093C08D,10.13.18.102
SEP189C5DB6E629,10.13.18.48
SEP1C1D862E54F8,10.13.18.108
SEP1C1D862E5679,10.13.18.109
SEP189C5DB6EE03,10.13.16.100
SEP1C1D862E50C1,10.13.16.101
SEPC07BBCA0B487,10.13.18.110
SEPC07BBCA00795,10.13.16.103
SEP189C5DB79AF2,10.13.18.112
SEP50060472A204,10.13.18.83
SEP20BBC093C107,10.13.18.149
SEP689CE2E70F90,10.13.18.98
SEP20BBC093C3D0,10.13.18.75
SEP20BBC093CBEF,10.13.16.71
SEP500604729AEC,10.13.16.63
SEP500604729EBA,10.13.18.76
SEP50060472CDE0,10.13.18.150
SEP189C5DB7B7E4,10.13.16.107
SEP50060472D318,10.13.18.104
SEP50060472D286,10.13.16.104
SEP20BBC093C83A,10.13.16.33
SEP20BBC093CA79,10.13.16.128
SEP500604729BB4,10.13.18.74
SEP9C57ADF575BE,10.10.123.227
SEP70105C5E25DD,10.13.18.87
SEP0011926F037B,10.20.155.98
SEP0015C65C6499,10.20.155.96
SEP0011928480DB,10.20.155.99
SEP00164766A571,10.8.155.94
SEP00192F73DB8D,10.7.235.42
SEP0011926F02FB,10.8.155.24
SEP001192847EE7,10.8.155.210
SEP00164757C719,10.8.155.59
SEP0011928483A8,10.7.235.104
SEP001E7A259E2F,10.8.155.112
SEP001E7A259CFF,10.8.155.104
SEP001BD52C64A7,10.7.235.78
SEP001BD52C60FA,10.7.235.28
SEP001BD4607B73,10.7.235.85
SEP001BD52C63A2,10.7.235.74
SEP001BD52C611F,10.7.235.23
SEP001BD52C639B,10.7.235.24
SEP001BD52C6E0F,10.7.235.58
SEP001BD52C6489,10.7.235.81
SEP001BD52C62F9,10.7.235.84
SEP001BD52C630F,10.7.235.95
SEP2893FE12D4F0,10.7.235.70
SEP001BD52C679B,10.7.235.101
SEP001BD52C63D0,10.7.235.86
SEP001BD52C639D,10.7.235.19
SEP001BD52C6127,10.7.235.72
SEP001BD52C6FA4,10.7.235.105
SEP001BD52C6F79,10.7.235.83
SEP001BD52C619D,10.7.235.73
SEP2893FE133A04,10.8.155.251
SEP001BD52C652E,10.7.235.88
SEP001BD52C657A,10.7.235.91
SEP001BD52C60EE,10.7.235.77
SEP001BD52C6398,10.7.235.79
SEPA418758A4922,10.18.233.9
SEPE8BA70FB7E33,10.8.155.239
SEPE8BA70FBDFFA,10.8.155.102
SEPE840400D69A3,10.8.155.231
SEP3C0E236CAE36,10.8.154.189
SEPA418758A49BB,10.18.233.31
SEPA418758A4868,10.18.233.30
SEPA418758A486D,10.18.235.241
SEPF4EA6749E645,10.18.233.14
SEPA418758A4A4C,10.18.234.139
SEPA418758A4B2A,10.18.233.7
SEPF4EA6749DA9C,10.18.234.132
SEPA418758A4C0C,10.18.233.19
SEP04C5A4B1350A,10.20.137.245
SEP3037A616BEAE,10.20.138.11
SEPE8BA70FB7EB0,10.18.234.140
SEP54781A1C2582,10.7.235.92
SEP1C1D86C5B985,10.8.155.191
SEP54781AE10D4B,10.8.155.241
SEP3037A6165DC8,10.11.169.11
SEPD0C28242B986,10.11.169.8
SEPD0C282D0347B,10.11.169.10
SEP0CD996906F0D,10.17.22.87
SEPA418758A49A8,10.18.233.24
SEPF4EA6749E7CE,10.18.233.25
SEPA4187529A75A,10.18.233.28
SEPF4EA6749DA72,10.18.234.141
SEPF4EA6749DABB,10.18.235.247
SEPA4187529A550,10.18.233.5
SEPA418758A4870,10.18.233.12
SEPA418758A49A5,10.18.235.243
SEPA4187529A18D,10.18.233.4
SEPF4EA6749D98F,10.18.233.16
SEP28C7CED7B6C1,10.18.233.18
SEPF47F35A21359,10.11.203.163
SEPA418758A450D,10.18.234.138
SEPA4187529A823,10.18.235.240
SEP34BDC8C66138,10.17.22.79
SEP34BDC8C608E4,10.17.22.217
SEP34BDC82DA48D,10.17.23.205
SEP64D814A5F558,10.17.23.141
SEP34BDC8C6656B,10.17.23.198
SEP0CD99691F219,10.17.22.114
SEP0CD996904391,10.17.22.170
SEP64D814A5F248,10.17.23.192
SEP0CD996906B9E,10.17.22.123
SEP64D814A5F547,10.17.22.157
SEP34BDC8C66502,10.17.22.62
SEP34BDC8C66720,10.17.22.185
SEP34BDC82C8E97,10.17.22.193
SEP34BDC82C8868,10.17.22.53
SEP0CD996906EED,10.17.23.163
SEP0CD99691F281,10.17.22.168
SEP34BDC82C831D,10.17.23.145
SEP34BDC8C601FB,10.17.22.45
SEP10BD1801AC5B,10.11.201.56
SEP10BD1800EDB8,10.11.201.55
SEP0C75BD10A253,10.11.203.182
SEP2C0BE905EC1A,10.11.202.71
SEP18339D146EEF,10.11.202.185
SEP9C57AD02E40C,10.48.11.54
SEP10BD18012749,10.11.201.72
SEPCC9891D0CC08,10.11.203.190
SEP00CAE540BAF0,10.11.202.117
SEP00F82C3E4474,10.11.203.191
SEP18339D146F0D,10.11.202.183
SEP18339D147541,10.11.203.156
SEPE0D1730AF84D,10.11.203.247
SEP10BD1801248A,10.11.201.73
SEP10BD1800DCB0,10.11.201.34
SEP18339D14747D,10.11.202.178
SEP18339D14709A,10.48.1.144
SEPECE1A9857833,10.11.201.39
SEP18339D146EE1,10.8.155.176
SEPF02929E2C141,10.8.155.171
SEPA0554F8D6125,10.11.202.200
SEP188B4518E67A,10.48.11.51
SEP188B4518E962,10.48.11.53
SEP9C57AD02E2FB,10.11.203.189
SEP188B4518EA76,10.11.202.69
SEP188B4518E09E,10.11.202.68
SEP188B4518E6D7,10.11.203.207
SEP188B4518E5F1,10.11.203.204
SEP189C5DB7E0DA,10.10.5.244
SEPC07BBCA0B797,10.111.227.144
SEP5CA48A64EB58,10.111.227.113
SEP2C0BE905F312,10.11.203.206
SEPF8A5C5A03220,10.11.202.70
SEP0C75BD10A339,10.11.203.181
SEPF8A5C5A031FA,10.11.203.201
SEP0C75BD10A369,10.11.202.66
SEP2C0BE905F1CF,10.11.203.180
SEP00CCFC4BC20B,10.11.203.165
SEP00C1B13E8A76,10.11.202.67
SEP00C1B13E8913,10.11.203.200
SEP2C0BE904D5F3,10.11.203.203
SEP2C0BE904DA4E,10.11.203.183
SEP00C1B13E8657,10.11.202.64
SEP689CE2E7C8EB,10.11.201.59
SEP10BD1800DCB8,10.11.201.53
SEP10BD1800DFAA,10.11.202.191
SEP10BD180124EF,10.11.201.20
SEP10BD1801271A,10.11.202.162
SEP10BD1801274A,10.11.202.135
SEP10BD1801ABE4,10.11.202.151
SEP18339D14737B,10.11.201.62
SEP10BD1801AD5A,10.11.201.79
SEP34DBFDCDC93E,10.11.201.54
SEP18339D147601,10.11.201.38
SEP18339D14762A,10.11.201.30
SEP9C57AD02E40E,10.11.201.26
SEP10BD1801175C,10.11.201.45
SEP381C1ABBC374,10.11.202.176
SEP689CE2E7C8B3,10.11.202.182
SEP689CE2E7CCF1,10.11.201.49
SEP689CE2E7CCF5,10.11.201.78
SEP689CE2E7CA0D,10.11.202.179
SEP10BD1801277D,10.11.202.168
SEPD0C282D0BD92,10.48.0.234
SEP64AE0C5FD578,10.48.0.59
SEP203706178B2D,10.48.0.110
SEPE8BA70FB447B,10.48.0.179
SEP10BD1800DF83,10.48.1.143
SEP18339D14747B,10.48.1.142
SEP08D09F9F19AB,10.48.0.94
SEP08D09F9F4017,10.48.0.197
SEP08D09F9F424F,10.48.0.108
SEP0022905A7757,10.48.0.228
SEP9C57AD02E70C,10.48.2.201
SEP9C57AD02E5D9,10.48.2.202
SEP00229059EDAF,10.48.0.106
SEP08D09F9F1527,10.48.0.166
SEP58971E28520A,10.48.0.213
SEP58971E2918BC,10.48.0.92
SEP64AE0C5FD3E4,10.48.0.45
SEP64AE0C5FD7BD,10.48.0.149
SEP64AE0C5FD97F,10.48.0.43
SEP64AE0C5FD98B,10.48.0.130
SEPD0C282D0C417,10.48.0.244
SEP64D989695F08,10.48.0.42
SEPB41489A37AEA,10.48.249.122
SEPE8BA70FB44F2,10.48.249.201
SEP64AE0C5FDA12,10.48.0.57
SEP0024142EF3B7,10.48.0.49
SEP0024142F5637,10.48.0.150
SEPA8B1D41EBE12,10.48.0.217
SEP04DAD2BE9193,10.48.0.20
SEP58971E2932F0,10.48.0.41
SEP08D09F9F1116,10.48.0.188
SEPF4EA6748EB3E,10.48.0.82
SEP0024C4BD6D34,10.48.249.115
SEPAC44F212A8F8,10.11.202.101
SEPAC44F21512A6,10.8.155.36
SEPAC44F2115879,10.8.155.185
SEPAC44F2177B07,10.7.235.48
SEPAC44F2178A16,10.11.202.99
SEPAC44F2178531,10.11.203.234
SEPAC44F212B841,10.10.251.218
SEPAC44F212791E,10.14.43.15
SEPAC44F21486C5,10.14.6.240
SEPAC44F2117275,10.111.227.48
SEPAC44F211705C,10.111.227.99
SEPAC44F21171BF,10.111.226.230
SEPAC44F2117092,10.111.227.52
SEPAC44F21171A7,10.111.206.240
SEPAC44F211681D,10.111.227.44
SEPAC44F2116826,10.111.227.128
SEPAC44F2116D04,10.111.227.22
SEPAC44F219AE9E,10.111.227.247
SEPAC44F2116E42,10.111.227.115
SEPAC44F2117016,10.111.227.14
SEPAC44F211681E,10.111.227.95
SEPAC44F21820B0,10.10.202.123
SEP5006AB702C0A,10.18.98.136
SEP2834A283984B,10.18.98.147
SEP2834A283B279,10.18.98.255
SEP2834A282EFEE,10.18.98.102
SEP2834A282EE20,10.18.98.143
SEP2834A2839605,10.18.98.233
SEP2834A283F3DD,10.18.99.83
SEP2834A283A7EA,10.18.99.80
SEP2C3124C85B3E,10.18.98.159
SEP2834A282EC46,10.13.117.0
SEP2834A282EEFB,10.18.99.26
SEP2834A283C38C,10.18.98.238
SEP1CDEA7DBDDC6,10.8.154.231
SEP2834A282E0DF,10.13.117.46
SEP2834A282EA33,10.13.116.59
SEP2834A282EE65,10.18.99.79
SEP2834A282ED90,10.18.98.245
SEP5006AB700501,10.13.117.34
SEP2834A283B81C,10.18.99.60
SEP2834A282EA4B,10.18.98.219
SEP5006AB70B00A,10.13.16.97
SEP5006AB702BAD,10.13.16.111
SEP5006AB709963,10.13.16.98
SEP5006AB7023A9,10.13.17.249
SEP5006AB70AB87,10.13.17.248
SEP5006AB712A32,10.13.16.112
SEP5006AB711C49,10.13.17.250
SEP5006AB701E54,10.13.16.113
SEP38ED18AFF3DA,10.13.16.108
SEP5006AB700C54,10.13.16.30
SEP38ED18AFE2FD,10.13.16.92
SEP5006AB70612C,10.13.16.105
SEP38ED18AFEE91,10.13.16.68
SEP5006AB7060D8,10.13.16.53
SEP000832AB9E21,10.8.154.131
SEP00562B05E279,10.10.122.84
SEPB000B4BA3E7C,10.10.122.112
SEPBC671CDD789E,10.10.5.219
SEPBC671CDD75EA,10.111.227.207
SEPBC671CDD7A00,10.111.227.198
SEP1CE85DC8013B,10.111.209.242
SEP2834A2F71C47,10.111.212.254
SEP2834A2F71D98,10.111.209.231
SEP28C7CED6AE19,10.111.209.216
SEP28C7CED6ADE7,10.11.201.76
SEPBC671CDD7A8B,10.111.227.205
SEPBC671CDDB9AE,10.111.227.16
ATA0026CB3CDA74,10.18.234.135
ATA001201AD6915,10.10.5.220
CIPC_27746,10.10.118.9
VGC1647668D5701,10.10.202.5
VGC1647668D5703,10.10.202.5
VGC1647668D5715,10.10.202.5
VGC1647668D5716,10.10.202.5
VGC1647668D5717,10.10.202.5
VGC1647668D5718,10.10.202.5
VGC1647668D5723,10.10.202.5
VGC1647668D5721,10.10.202.5
VGC1647668D5714,10.10.202.5
VGC1647668D5713,10.10.202.5
VGC1647668D5724,10.10.202.5
VGC1647668D5727,10.10.202.5
VGC1647668D5704,10.10.202.5
VGC1647668D5725,10.10.202.5
VGC1647668D5726,10.10.202.5
VGC1647668D5728,10.10.202.5
VGC1647668D5705,10.10.202.5
VGC1647668D5708,10.10.202.5
VGC1647668D5711,10.10.202.5
VGC1647668D5706,10.10.202.5
VGC1647668D5719,10.10.202.5
VGC1647668D5702,10.10.202.5
VGC1647668D5722,10.10.202.5
VGC1647668D5707,10.10.202.5
VGC1647668D5720,10.10.202.5
SEP00D05F0219D3,10.8.111.106
SEP00D05F01B62A,10.10.118.8
SEP0022EE03063D,10.49.191.101
SEP0022EE03063C,10.49.191.100
SEP0022EE03075A,10.49.190.100
SEP0022EE030783,10.49.190.101
SEP0022EE0304F5,10.49.197.101
SEP0022EE0308B0,10.49.197.100
SEP0022EE0307B5,10.15.99.25
SEP0022EE0306BF,10.15.99.24
SEP0022EE030739,10.49.185.100
SEP0022EE03073A,10.49.185.101
SEP0022EE0307EF,10.49.187.100
SEP0022EE03072B,10.49.183.100
SEP0022EE0308F2,10.49.198.100
SEP0022EE030A4E,10.49.198.101
SEP0022EE030A5F,10.49.182.100
SEP0022EE0308FA,10.49.182.101
SEP0022EE0308E9,10.49.180.100
SEP0022EE0308FB,10.49.180.101
SEP0022EE03096A,10.49.181.100
SEP0022EE0308A9,10.49.181.101
SEP0022EE030908,10.50.112.23
SEP0022EE030892,10.50.112.24
SEP0022EE03096C,10.10.17.100
SEP0022EE030A30,10.49.202.100
SEP0022EE030A2F,10.49.202.101
SEP0022EE03096E,10.101.16.100
SEP0022EE030A22,10.49.178.101
SEP0022EE030A44,10.49.174.100
SEP0022EE030A39,10.49.174.101
SEP0022EE0308E4,10.49.172.100
SEP0022EE030A2C,10.49.172.101
SEP0022EE03094A,10.49.172.102
SEP0022EE030A62,10.21.65.132
SEP0022EE030A2E,10.49.169.100
SEP0022EE03087E,10.49.169.101
SEP0022EE030973,10.50.16.186
SEP0022EE030884,10.50.16.187
SEP0022EE0308EA,10.49.171.100
SEP0022EE03087D,10.49.171.101
SEP0022EE0308FC,10.49.170.100
SEP0022EE030887,10.49.170.101
SEP0022EE030DE5,10.49.167.100
SEP0022EE030DE6,10.49.167.101
SEP0022EE030DDB,10.49.166.100
SEP0022EE030DEA,10.49.166.101
SEP0022EE030E32,10.49.165.100
SEP0022EE030DCF,10.49.165.101
SEP0022EE030DDE,10.13.133.104
SEP0022EE030DCD,10.13.133.103
SEP0022EE030DD8,10.13.133.102
SEP0022EE030DDA,10.101.80.39
SEP0022EE030DFC,10.101.80.40
SEP0022EE030DFA,10.157.20.249
SEP0022EE030E48,10.49.177.100
SEP0022EE030DD9,10.49.179.100
SEP0022EE030E39,10.49.179.101
SEP0022EE030E4B,10.49.164.100
SEP0022EE030E1E,10.49.164.101
SEP0022EE030DF0,10.49.178.100
SEP0022EE030DF1,10.49.224.101
SEP0022EE030DF2,10.6.240.100
SEP0022EE030DF4,10.111.221.125
SEP0022EE030DF5,10.111.221.126
SEP0022EE030DDF,10.11.198.140
SEP0022EE030DD5,10.49.176.100
SEP0022EE030DD4,10.49.176.101
SEP0022EE030DD2,10.49.162.100
SEP0022EE030DD3,10.49.162.101
SEP0022EE030E3E,10.15.116.65
SEP0022EE030E02,10.49.215.160
SEP0022EE030E07,10.49.215.161
SEP0022EE030E09,10.49.212.100
SEP0022EE030E3F,10.15.116.66
SEP0022EE030DE2,10.7.96.140
SEP0022EE030E40,10.7.96.141
SEP0022EE030E3D,10.49.224.100
SEP0022EE030E42,10.49.212.101
SEP0022EE031253,10.49.163.100
SEP0022EE031252,10.49.163.101
SEP0022EE031254,10.49.160.100
SEP0022EE031255,10.49.160.101
SEP0022EE031269,10.49.161.100
SEP0022EE031262,10.49.122.100
SEP0022EE03125E,10.49.143.100
SEP0022EE031261,10.49.143.101
SEP0022EE031260,10.49.140.100
SEP0022EE03125C,10.49.142.101
SEP0022EE031257,10.49.141.100
SEP0022EE031256,10.49.141.101
SEP0022EE031265,10.49.140.101
SEP0022EE031264,10.49.139.100
SEP0022EE031268,10.49.139.101
SEP0022EE03125F,10.49.138.100
SEP0022EE031258,10.49.138.101
SEP0022EE03125D,10.49.168.100
SEP0022EE031267,10.49.168.101
SEP0022EE03124D,10.49.211.100
SEP0022EE03124F,10.49.211.101
SEP0022EE03124A,10.50.163.100
SEP0022EE031240,10.50.163.101
SEP0022EE03123F,10.49.142.100
SEP0022EE031239,10.49.186.100
SEP0022EE031243,10.49.186.101
SEP0022EE030DFB,10.49.136.100
SEP0022EE030DFE,10.49.136.101
SEP0022EE03123B,10.150.19.7
SEP0022EE031244,10.49.134.100
SEP0022EE031237,10.49.134.101
SEP0022EE03125B,10.49.132.100
SEP0022EE0308C6,10.49.132.101
SEP0022EE0308C4,10.49.125.100
SEP0022EE0308CB,10.49.125.101
SEP0022EE0308D2,10.49.126.100
SEP0022EE030A4D,10.49.126.101
SEP0022EE030A3E,10.49.126.102
SEP0022EE03094D,10.49.126.103
SEP0022EE030A33,10.50.130.27
SEP0022EE030971,10.49.161.101
SEP0022EE030A3F,10.50.130.28
SEP0022EE03123E,10.49.121.100
SEP0022EE03123C,10.49.121.101
SEP0022EE031238,10.49.123.100
SEP0022EE031246,10.49.123.101
SEP0022EE031245,10.49.128.100
SEP0022EE03125A,10.49.128.101
SEP0022EE031259,10.49.122.101
SEP0022EE031C04,10.49.247.100
SEP0022EE031A54,10.49.247.101
SEP0022EE031C39,10.49.119.100
SEP0022EE031A7A,10.49.119.101